arrests,countyid,density,popul,perc1019,perc2029,percblack,percmale,rpcincmaint,rpcpersinc,rpcunemins,year,murders,murdrate,arrestrate,statefips,countyfips,execs,lpopul,execrate
140,6001,1503.06,1108480,15.76,19.92,18.57,42.01,312.25,14384.38,92.34,1980,171,1.542653,1.262991,6,1,0,13.9185,0.0
192,6001,1526.66,1125888,15.3,20.08,18.5,42.1,301.95,14361.84,86.74,1981,188,1.669793,1.705321,6,1,0,13.93408,0.0
184,6001,1545.75,1139968,14.77,20.17,18.46,42.09,290.83,14207.44,130.41,1982,137,1.201788,1.61408,6,1,0,13.94651,0.0
187,6001,1573.53,1160448,14.25,20.15,18.42,42.03,292.88,14646.8,133.4,1983,136,1.171961,1.611447,6,1,0,13.96432,0.0
173,6001,1598.52,1178880,13.75,20.04,18.36,42.06,286.38,15384.65,79.76,1984,160,1.35722,1.467495,6,1,0,13.98008,0.0
188,6001,1623.51,1197312,13.38,19.81,18.3,42.05,283.97,15874.37,69.6,1985,143,1.194342,1.570184,6,1,0,13.99559,0.0
175,6001,1647.81,1215232,13.08,19.47,18.24,42.02,292.16,16304.35,71.21,1986,174,1.431825,1.440054,6,1,0,14.01045,0.0
161,6001,1666.55,1229056,12.88,19.03,18.23,42.03,303.6,16353.91,53.68,1987,147,1.19604,1.309948,6,1,0,14.02176,0.0
152,6001,1696.06,1250816,12.68,18.63,18.24,41.97,324.02,16629.81,46.53,1988,159,1.27117,1.215207,6,1,0,14.03931,0.0
148,6001,1723.83,1271296,12.49,18.34,18.25,41.95,341.36,16590.3,41.16,1989,172,1.35295,1.164166,6,1,0,14.05555,0.0
232,6001,1738.06,1281792,12.34,17.86,18.27,41.8,360.79,16874.97,49.79,1990,188,1.466697,1.809966,6,1,0,14.06377,0.0
200,6001,1752.3,1292288,12.19,17.39,18.29,41.65,374.34,16230.2,70.46,1991,199,1.539904,1.547643,6,1,0,14.07193,0.0
189,6001,1768.26,1304064,12.05,16.92,18.31,41.48,399.99,16787.58,105.52,1992,214,1.641024,1.449315,6,1,0,14.081,0.0
128,6001,1784.117,1315756,12.20979,16.49804,18.31115,49.27821,391.672,16839.13,104.492,1993,199,1.512439,0.9728248,6,1,1,14.08992,0.0076002
105,6001,1787.647,1318359,12.31015,15.86715,18.30351,49.2422,405,16951.95,68.85,1994,187,1.41843,0.7964447,6,1,0,14.0919,0.0
102,6001,1792.566,1321987,12.45058,15.32829,18.2619,49.17144,407.376,17418.77,56.416,1995,58,0.4387335,0.7715659,6,1,0,14.09465,0.0
112,6001,1800.908,1328139,12.591,14.75681,18.19162,48.99947,398.112,17777.23,48.488,1996,142,1.069165,0.8432853,6,1,0,14.09929,0.0
0,6003,1.49,1100,19.45,23.18,0.36,50.34,189.54,10993.31,102.06,1980,1,9.090909,0,6,3,0,7.003066,0.0
0,6003,1.53,1132,18.56,22.97,0.44,50.21,244.85,10258.61,97.72,1981,0,0.0,0,6,3,0,7.031741,0.0
0,6003,1.55,1148,17.5,22.48,0.44,49.73,311.53,10289.97,124.2,1982,0,0.0,0,6,3,0,7.045776,0.0
0,6003,1.52,1120,16.43,22.25,0.45,49.74,307.92,11522.46,157.47,1983,0,0.0,0,6,3,0,7.021084,0.0
0,6003,1.48,1093,15.74,21.4,0.55,48.93,371.91,11743.41,113.4,1984,1,9.149131,0,6,3,0,6.996682,0.0
0,6003,1.57,1157,14.35,20.75,0.43,48.14,287.68,11447.8,77.02,1985,0,0.0,0,6,3,0,7.053586,0.0
0,6003,1.62,1200,13.83,20.16,0.5,47.81,260.2,11051.86,70.3,1986,1,8.333333,0,6,3,0,7.090077,0.0
0,6003,1.55,1143,13.21,18.9,0.52,47.34,297.44,11842.16,65.12,1987,0,0.0,0,6,3,0,7.041412,0.0
1,6003,1.57,1163,12.66,18.23,0.52,46.88,366.32,13503,65.14,1988,1,8.598453,8.598453,6,3,0,7.058758,0.0
0,6003,1.57,1162,11.96,17.65,0.6,46.4,359.11,14991.63,55.68,1989,0,0.0,0,6,3,0,7.057898,0.0
1,6003,1.58,1166,11.68,16.9,0.6,46.24,409.81,14617.57,72,1990,0,0.0,8.576329,6,3,0,7.061334,0.0
0,6003,1.58,1170,11.39,16.16,0.6,46.09,910.16,13085.02,93.22,1991,0,0.0,0,6,3,0,7.064759,0.0
0,6003,1.59,1176,11.11,15.44,0.6,45.94,1113.71,13448.6,150.44,1992,0,0.0,0,6,3,0,7.069874,0.0
0,6003,1.606981,1187,10.36226,15.08003,0.505476,52.90649,1306.496,14794.27,120.408,1993,0,0.0,0,6,3,0,7.079185,0.0
0,6003,1.606981,1187,10.4465,14.23757,0.505476,52.90649,1077.3,14619.83,82.35,1994,0,0.0,0,6,3,0,7.079185,0.0
0,6003,1.655718,1223,10.79313,13.57318,0.4088307,52.1668,1159.152,14655.04,76.752,1995,0,0.0,0,6,3,0,7.109062,0.0
0,6003,1.667903,1232,11.12013,13.31169,0.487013,52.5974,1281.104,14984.71,72.732,1996,0,0.0,0,6,3,0,7.116394,0.0
0,6005,32.91,19500,15.36,13.41,0.97,45.47,147.01,11676.15,161.59,1980,0,0.0,0,6,5,0,9.87817,0.0
1,6005,34.1,20204,14.64,13.93,1.71,46.41,162.5,10982.2,107.6,1981,0,0.0,0.4949515,6,5,0,9.913636,0.0
1,6005,34.77,20604,13.94,14.41,2.36,47.19,148,10723.63,135.58,1982,0,0.0,0.4853427,6,5,0,9.933241,0.0
0,6005,35.61,21100,13.26,14.74,2.94,47.83,150.45,11201.5,129.39,1983,0,0.0,0,6,5,0,9.957028,0.0
4,6005,36.82,21820,12.67,15.02,3.48,48.43,146.07,11790.51,79.76,1984,3,1.374885,1.833181,6,5,0,9.990582,0.0
2,6005,38.24,22660,12.21,15.16,4.0,49.02,145.7,12179.07,69.6,1985,3,1.323919,0.8826125,6,5,0,10.02836,0.0
0,6005,39.44,23372,11.87,15.21,4.42,49.55,145.17,12761.91,71.21,1986,1,0.4278624,0,6,5,0,10.05929,0.0
0,6005,41.39,24528,11.64,15.15,4.81,49.99,141.68,12849.76,51.92,1987,3,1.223092,0,6,5,0,10.10757,0.0
0,6005,45.69,27076,11.48,15.06,5.19,50.41,148.05,12261.07,50.76,1988,0,0.0,0,6,5,0,10.2064,0.0
1,6005,48.84,28940,11.29,15.11,5.5,50.77,146.87,11967.8,41.16,1989,0,0.0,0.3455425,6,5,0,10.27298,0.0
0,6005,50.72,30052,11.15,14.82,5.59,50.8,130.99,11963.38,48.26,1990,0,0.0,0,6,5,0,10.31068,0.0
2,6005,52.6,31168,11.02,14.52,5.66,50.84,140.93,11884.19,69.73,1991,0,0.0,0.6416838,6,5,0,10.34715,0.0
5,6005,54.57,32336,10.89,14.25,5.74,50.89,159,11806.56,119.07,1992,2,0.6185057,1.546264,6,5,0,10.38394,0.0
4,6005,54.58639,32346,10.93489,12.94441,5.156743,55.38243,162.62,12233.87,119.716,1993,2,0.6183144,1.236629,6,5,0,10.38425,0.0
2,6005,55.31542,32778,11.15992,12.31619,5.043016,55.27488,163.35,11965.05,73.575,1994,0,0.0,0.6101654,6,5,0,10.39751,0.0
0,6005,55.82676,33081,11.38418,11.87993,5.051238,55.25226,167.936,12088.11,62.976,1995,0,0.0,0,6,5,0,10.40671,0.0
1,6005,56.22165,33315,11.77248,12.04262,5.553054,55.8097,170.984,11931.88,52.316,1996,0,0.0,0.3001651,6,5,0,10.41376,0.0
11,6007,88.35,144864,15.18,20.73,1.2,42.5,279.45,10891.26,122.71,1980,7,0.4832118,0.7593329,6,7,0,11.88355,0.0
4,6007,90.54,148448,14.82,20.68,1.22,42.51,270.11,10582.52,124.07,1981,4,0.2694546,0.2694546,6,7,0,11.90799,0.0
10,6007,92.65,151904,14.42,20.54,1.23,42.41,271.17,10080.9,160.42,1982,10,0.6583105,0.6583105,6,7,0,11.931,0.0
4,6007,94.07,154240,14.04,20.29,1.24,42.31,278.83,10310.84,148.44,1983,5,0.3241701,0.2593361,6,7,0,11.94627,0.0
3,6007,95.61,156768,13.7,20.0,1.25,42.24,287.34,10528.71,98.98,1984,5,0.3189426,0.1913656,6,7,0,11.96252,0.0
5,6007,97.99,160672,13.49,19.58,1.26,42.15,297.89,10775.01,89.09,1985,3,0.1867158,0.311193,6,7,0,11.98712,0.0
15,6007,99.56,163232,13.36,19.04,1.27,42.07,328.68,11167.81,86.73,1986,7,0.4288375,0.9189374,6,7,0,12.00293,0.0
14,6007,101.82,166944,13.35,18.47,1.28,42.0,352,11373.12,64.24,1987,16,0.9584052,0.8386045,6,7,0,12.02541,0.0
8,6007,104.85,171904,13.34,17.94,1.3,41.88,380.7,11363.47,60.07,1988,5,0.29086,0.465376,6,7,0,12.05469,0.0
22,6007,107.69,176576,13.32,17.56,1.32,41.85,399.46,11432.77,58.91,1989,12,0.679594,1.245922,6,7,0,12.08151,0.0
21,6007,110.84,181728,13.21,17.03,1.33,41.71,409.81,11506.09,68.94,1990,14,0.7703821,1.155573,6,7,0,12.11027,0.0
14,6007,113.98,186880,13.12,16.52,1.35,41.56,424.25,11209.64,93.95,1991,11,0.588613,0.7491438,6,7,0,12.13822,0.0
13,6007,117.3,192320,13.03,16.02,1.36,41.4,452.75,11426.53,148.3,1992,14,0.7279534,0.6759568,6,7,0,12.16692,0.0
4,6007,116.515,191038,13.09949,15.18703,1.378783,49.10908,453.26,11728.02,149.472,1993,6,0.3140737,0.2093824,6,7,0,12.16023,0.0
5,6007,117.286,192302,13.23023,14.42939,1.393121,49.13469,463.725,11780.78,91.125,1994,6,0.3120092,0.2600077,6,7,0,12.16682,0.0
7,6007,117.7031,192986,13.45331,13.8922,1.398029,49.17403,480.192,11834.24,76.096,1995,5,0.2590862,0.3627206,6,7,0,12.17037,0.0
6,6007,117.411,192507,13.64782,13.48419,1.401507,49.18938,499.554,12175.59,68.904,1996,10,0.5194616,0.311677,6,7,0,12.16789,0.0
0,6009,20.51,20920,15.54,12.62,0.37,43.98,229.63,10606.95,110.56,1980,0,0.0,0,6,9,0,9.948461,0.0
2,6009,21.27,21696,15.0,12.29,0.43,43.87,211.91,10382.69,115.29,1981,2,0.9218289,0.9218289,6,9,0,9.984883,0.0
3,6009,22.32,22772,14.44,11.94,0.43,43.63,208.03,9771.43,156.28,1982,2,0.8782716,1.317407,6,9,0,10.03329,0.0
3,6009,23.06,23528,13.95,11.54,0.48,43.43,224.67,10203.52,146.44,1983,2,0.850051,1.275077,6,9,0,10.06595,0.0
4,6009,23.72,24196,13.42,11.13,0.52,43.23,228.72,11026.51,96.1,1984,3,1.239874,1.653166,6,9,0,10.09394,0.0
3,6009,24.38,24872,13.1,10.68,0.55,43.06,228.29,11630.62,77.02,1985,19,7.639112,1.206176,6,9,0,10.1215,0.0
4,6009,25.34,25852,12.82,10.21,0.56,42.91,230.08,12183.98,73.95,1986,3,1.160452,1.547269,6,9,0,10.16014,0.0
4,6009,26.65,27192,12.7,9.71,0.56,42.77,234.08,11878.23,56.32,1987,4,1.471021,1.471021,6,9,0,10.21068,0.0
6,6009,27.69,28248,12.61,9.27,0.58,42.66,237.73,11932.83,54.99,1988,5,1.770037,2.124044,6,9,0,10.24878,0.0
0,6009,29.47,30068,12.53,8.89,0.61,42.56,244.52,12519.8,50.03,1989,1,0.3325795,0,6,9,0,10.31122,0.0
5,6009,31.34,31976,12.45,8.5,0.6,42.39,235.16,12509.54,59.75,1990,4,1.250938,1.563673,6,9,0,10.37274,0.0
7,6009,33.21,33880,12.37,8.17,0.59,42.28,241.49,11921.63,88.81,1991,3,0.8854781,2.066116,6,9,0,10.43058,0.0
1,6009,35.21,35920,12.3,7.84,0.59,42.15,259.53,11611.91,146.16,1992,5,1.391982,0.2783964,6,9,0,10.48905,0.0
1,6009,35.28568,35998,12.47569,7.367076,0.572254,49.72776,253.964,12081.63,144.628,1993,1,0.2777932,0.2777932,6,9,0,10.49122,0.0
6,6009,36.42664,37162,12.57736,6.966794,0.5973845,49.79549,257.175,11990.7,90.45,1994,4,1.076368,1.614552,6,9,0,10.52304,0.0
1,6009,37.00791,37755,12.72679,6.666667,0.6091908,49.88743,262.4,11504.27,72.816,1995,3,0.7945967,0.2648656,6,9,0,10.53887,0.0
4,6009,37.67641,38437,12.81318,6.428701,0.6217967,49.88943,248.82,11438.7,59.334,1996,2,0.520332,1.040664,6,9,0,10.55678,0.0
1,6011,11.18,12870,17.09,15.3,0.65,42.34,211.41,16994.2,106.92,1980,2,1.554002,0.7770007,6,11,0,9.462654,0.0
2,6011,11.46,13184,16.87,15.34,0.67,42.46,198.74,15829.86,98.82,1981,1,0.7584952,1.51699,6,11,0,9.486759,0.0
0,6011,12.05,13872,16.64,15.31,0.63,42.43,185.26,12483.13,135.58,1982,1,0.7208766,0,6,11,0,9.537628,0.0
2,6011,12.26,14110,16.32,15.23,0.65,42.44,189.57,11566.59,187.56,1983,1,0.7087172,1.417434,6,11,0,9.554639,0.0
0,6011,12.3,14156,16.03,15.07,0.67,42.35,211.42,12895.66,138.38,1984,0,0.0,0,6,11,0,9.557894,0.0
0,6011,12.78,14706,15.85,14.84,0.65,42.35,229.22,14262.43,153.12,1985,2,1.359989,0,6,11,0,9.596011,0.0
3,6011,12.98,14934,15.81,14.51,0.66,42.4,247.42,12771.04,149.73,1986,3,2.008839,2.008839,6,11,0,9.611396,0.0
1,6011,13.01,14972,15.85,14.09,0.68,42.38,256.08,14043.91,103.84,1987,1,0.6679134,0.6679134,6,11,0,9.613937,0.0
0,6011,13.46,15494,15.95,13.7,0.7,42.36,259.72,14092.66,97.29,1988,0,0.0,0,6,11,0,9.648208,0.0
2,6011,13.91,16006,16.04,13.43,0.66,42.36,239.68,13993.38,109.75,1989,0,0.0,1.249532,6,11,0,9.680719,0.0
5,6011,14.13,16262,15.99,13.07,0.66,42.25,242.06,14112.02,144.77,1990,1,0.6149305,3.074653,6,11,0,9.696587,0.0
1,6011,14.36,16520,15.93,12.72,0.65,42.08,266.44,14337.95,200.38,1991,1,0.6053269,0.6053268,6,11,0,9.712327,0.0
2,6011,14.59,16788,15.88,12.38,0.65,41.97,290.9,13911.34,308.73,1992,1,0.5956635,1.191327,6,11,0,9.728419,0.0
2,6011,14.94121,17194,16.09864,11.92276,0.6281261,51.48307,278.876,14031.68,307.248,1993,1,0.5815982,1.163196,6,11,0,9.752316,0.0
0,6011,15.22537,17521,16.06643,11.52902,0.6449404,51.57811,286.875,12501,187.65,1994,0,0.0,0,6,11,0,9.771155,0.0
5,6011,15.53646,17879,16.15303,11.15834,0.6711785,51.59684,303.728,12841.86,173.84,1995,1,0.5593154,2.796577,6,11,0,9.791382,0.0
0,6011,15.83539,18223,16.27065,10.89283,0.702409,51.74779,290.928,13027.32,168.432,1996,0,0.0,0,6,11,0,9.81044,0.0
38,6013,914.3,658560,17.25,16.32,9.22,41.76,229.63,16260.34,65.61,1980,48,0.728863,0.5770165,6,13,0,13.39781,0.0
44,6013,926.21,667136,16.67,16.49,9.23,41.81,215.21,16328.35,64.78,1981,57,0.8543985,0.6595356,6,13,0,13.41075,0.0
38,6013,942.38,678784,15.98,16.59,9.24,41.75,212.17,16187.4,97.29,1982,50,0.7366114,0.5598246,6,13,0,13.42806,0.0
41,6013,958.02,690048,15.34,16.58,9.25,41.66,210.63,16835.34,103.31,1983,45,0.6521286,0.5941616,6,13,0,13.44452,0.0
51,6013,970.1,698752,14.71,16.51,9.25,41.6,203.73,17656.44,72.07,1984,67,0.9588524,0.7298727,6,13,0,13.45705,0.0
40,6013,987.52,711296,14.23,16.34,9.25,41.58,195.81,18233.34,65.89,1985,62,0.8716484,0.5623538,6,13,0,13.47484,0.0
49,6013,1006.89,725248,13.81,16.04,9.25,41.5,201.77,18983.09,66.65,1986,53,0.7307845,0.6756309,6,13,0,13.49427,0.0
45,6013,1027.15,739840,13.54,15.68,9.28,41.48,209.44,19167.27,55.44,1987,51,0.6893382,0.6082396,6,13,0,13.51419,0.0
51,6013,1053.98,759168,13.27,15.33,9.32,41.42,219.11,19419.08,49.07,1988,75,0.9879236,0.6717881,6,13,0,13.53998,0.0
46,6013,1088.81,784256,13.01,15.1,9.36,41.39,233.22,19578.63,42.77,1989,78,0.9945732,0.5865432,6,13,0,13.57249,0.0
63,6013,1113.51,802048,12.85,14.66,9.42,41.25,245.89,19501.59,53.62,1990,70,0.8727657,0.7854892,6,13,0,13.59492,0.0
86,6013,1138.04,819712,12.69,14.25,9.48,41.1,256.9,18985.64,77.07,1991,107,1.305336,1.049149,6,13,0,13.61671,0.0
62,6013,1164.16,838528,12.52,13.84,9.53,40.96,276.64,19315.16,114.08,1992,86,1.025607,0.739391,6,13,0,13.6394,0.0
72,6013,1183.396,852383,12.73055,13.22352,9.571167,48.96531,267.804,19953.13,113.488,1993,113,1.325695,0.8446907,6,13,0,13.65579,0.0
89,6013,1196.236,861631,12.83415,12.67317,9.605852,48.97329,267.975,20054.25,76.275,1994,120,1.392708,1.032925,6,13,0,13.66658,0.0
58,6013,1208.895,870749,12.98262,12.15276,9.599322,48.91433,272.896,20510.5,61.664,1995,80,0.9187493,0.6660932,6,13,0,13.67711,0.0
67,6013,1223.807,881490,13.12119,11.77903,9.583319,48.88518,262.218,20978.08,52.316,1996,71,0.8054544,0.7600766,6,13,0,13.68937,0.0
6,6015,18.18,18328,16.02,16.8,0.41,42.68,297.67,11073.51,358.42,1980,3,1.63684,3.27368,6,15,0,9.816185,0.0
4,6015,18.64,18792,15.6,17.1,0.86,43.26,322.81,9869.92,355.75,1981,2,1.064283,2.128565,6,15,0,9.841187,0.0
3,6015,18.43,18572,15.18,17.31,1.27,43.65,341.55,8842,471.96,1982,2,1.07689,1.615335,6,15,0,9.829411,0.0
2,6015,18.55,18700,14.7,17.46,1.68,44.03,357.07,8856.48,317.95,1983,5,2.673797,1.069519,6,15,0,9.836279,0.0
7,6015,18.36,18508,14.26,17.48,2.06,44.4,396.89,9101.63,159.53,1984,2,1.080614,3.782148,6,15,0,9.825958,0.0
3,6015,18.56,18704,13.92,17.42,2.39,44.75,424.1,9282.78,118.78,1985,3,1.603935,1.603935,6,15,0,9.836493,0.0
2,6015,18.93,19084,13.69,17.25,2.73,45.09,462.89,9471.46,93.13,1986,1,0.5239992,1.047998,6,15,0,9.856606,0.0
0,6015,19.37,19524,13.59,16.99,3.03,45.38,479.6,9248.8,77.44,1987,2,1.02438,0,6,15,0,9.879399,0.0
3,6015,20.15,20308,13.51,16.74,3.32,45.64,493.22,9003.13,77.83,1988,5,2.462084,1.47725,6,15,0,9.91877,0.0
4,6015,21.1,21268,13.44,16.58,3.58,45.89,473.71,9139.27,80.7,1989,1,0.47019,1.88076,6,15,0,9.964959,0.0
0,6015,23.1,23280,13.37,16.16,3.65,45.85,459.6,9657.73,100.35,1990,1,0.4295533,0,6,15,0,10.05535,0.0
3,6015,25.1,25296,13.31,15.8,3.7,45.8,453.61,9163.25,108.63,1991,4,1.581278,1.185958,6,15,0,10.1384,0.0
3,6015,27.28,27496,13.24,15.46,3.76,45.77,490.54,9182.73,166.84,1992,3,1.091068,1.091068,6,15,0,10.2218,0.0
4,6015,26.69745,26908,13.17824,15.80942,4.519102,55.44819,495.472,9546.832,150.856,1993,1,0.3716367,1.486547,6,15,0,10.20018,0.0
0,6015,26.94847,27161,13.2138,15.62535,4.793638,55.83373,512.325,9486.45,93.825,1994,1,0.368175,0,6,15,0,10.20954,0.0
0,6015,26.61411,26824,13.49911,14.5765,4.350582,55.23412,516.272,9335.536,83.312,1995,0,0.0,0,6,15,0,10.19705,0.0
0,6015,26.73615,26947,13.67128,14.13887,4.301035,55.05251,532.092,9239.516,68.904,1996,0,0.0,0,6,15,0,10.20163,0.0
7,6017,50.58,86576,15.48,18.05,0.36,43.38,159.16,12425.8,148.23,1980,9,1.039549,0.8085382,6,17,0,11.36878,0.0
8,6017,52.21,89360,15.06,17.47,0.38,43.29,162.5,12138.38,107.6,1981,6,0.6714414,0.8952551,6,17,0,11.40043,0.0
14,6017,54.0,92416,14.58,16.88,0.4,43.12,166.63,11682.04,127.3,1982,9,0.9738573,1.514889,6,17,0,11.43406,0.0
10,6017,54.59,93424,14.14,16.25,0.42,42.93,169.51,12292.77,112.34,1983,7,0.7492721,1.070389,6,17,0,11.4449,0.0
9,6017,55.72,95360,13.72,15.57,0.42,42.79,155.68,12994.64,80.72,1984,6,0.6291946,0.943792,6,17,0,11.46541,0.0
12,6017,57.9,99088,13.41,14.85,0.44,42.63,158.69,13485.7,74.24,1985,8,0.8073632,1.211045,6,17,0,11.50376,0.0
4,6017,59.86,102448,13.2,14.08,0.45,42.48,167.08,14269.27,70.3,1986,9,0.8784944,0.390442,6,17,0,11.53711,0.0
16,6017,62.43,106848,13.13,13.29,0.47,42.39,172.48,14341.36,54.56,1987,10,0.935909,1.497454,6,17,0,11.57916,0.0
13,6017,65.83,112672,13.09,12.57,0.47,42.28,170.89,14283.02,49.91,1988,6,0.5325192,1.153792,6,17,0,11.63224,0.0
11,6017,69.42,118816,13.08,11.96,0.49,42.19,167.05,14590.55,43.58,1989,4,0.336655,0.9258012,6,17,0,11.68533,0.0
6,6017,73.51,125808,12.99,11.43,0.49,42.03,166.22,14832.05,53.62,1990,9,0.7153758,0.4769172,6,17,0,11.74251,0.0
9,6017,77.59,132800,12.91,10.96,0.5,41.91,168.09,14467.87,83.68,1991,11,0.8283132,0.6777108,6,17,0,11.7966,0.0
9,6017,81.95,140256,12.85,10.5,0.5,41.78,175.4,14580.84,131.9,1992,8,0.5703856,0.6416838,6,17,0,11.85122,0.0
22,6017,82.99985,142054,13.00351,10.05533,0.5089614,50.1063,170.924,14637.88,130.788,1993,5,0.3519788,1.548707,6,17,0,11.86396,0.0
9,6017,84.92039,145341,13.11055,9.577477,0.519468,50.12213,178.2,15012.67,78.975,1994,7,0.481626,0.6192334,6,17,0,11.88684,0.0
7,6017,86.80821,148572,13.27976,9.202272,0.5249979,50.16019,179.088,15484.88,66.256,1995,4,0.2692297,0.471152,6,17,0,11.90882,0.0
5,6017,88.63936,151706,13.42135,8.937023,0.5181074,50.19709,175.45,15665.45,60.61,1996,2,0.1318339,0.3295849,6,17,0,11.9297,0.0
106,6019,86.8,517632,17.59,19.3,5.12,40.97,353.56,12819.46,105.7,1980,102,1.970512,2.047787,6,19,0,13.15702,0.0
83,6019,88.67,528768,17.25,19.38,5.13,40.98,349.16,11757.38,112,1981,73,1.380568,1.569687,6,19,0,13.1783,0.0
57,6019,90.8,541440,16.85,19.36,5.15,40.82,358.11,11308.41,150.07,1982,71,1.311318,1.052748,6,19,0,13.20199,0.0
65,6019,93.2,555776,16.43,19.25,5.15,40.67,374.12,10968.8,155.46,1983,68,1.223515,1.169536,6,19,0,13.22812,0.0
62,6019,95.93,572032,16.05,19.08,5.16,40.55,379.59,11425.33,118.2,1984,71,1.241189,1.083856,6,19,0,13.25695,0.0
82,6019,97.92,583936,15.82,18.77,5.17,40.43,386.05,11658.46,138.27,1985,80,1.370013,1.404263,6,19,0,13.27755,0.0
94,6019,99.53,593536,15.64,18.37,5.17,40.3,418.15,12041.55,144.25,1986,87,1.465791,1.583729,6,19,0,13.29385,0.0
63,6019,102.09,608768,15.62,17.89,5.19,40.19,438.24,12295.36,110.88,1987,67,1.100583,1.034877,6,19,0,13.31919,0.0
58,6019,105.24,627584,15.63,17.46,5.21,40.1,457.69,12114.72,103.21,1988,62,0.9879156,0.924179,6,19,0,13.34963,0.0
62,6019,109.11,650624,15.63,17.11,5.24,40.0,475.32,12228.47,92,1989,67,1.029781,0.9529313,6,19,0,13.38569,0.0
76,6019,112.24,669312,15.5,16.65,5.26,39.77,511.69,12386.22,117.96,1990,92,1.374546,1.135494,6,19,0,13.41401,0.0
109,6019,115.35,687872,15.41,16.21,5.28,39.61,545.36,11876.85,150.47,1991,81,1.177545,1.584597,6,19,0,13.44136,0.0
108,6019,118.66,707584,15.32,15.77,5.29,39.42,573.25,11983.39,226.02,1992,126,1.780707,1.526321,6,19,0,13.46961,0.0
95,6019,121.0272,721710,15.46258,15.2873,5.245182,49.85174,580.588,12269.16,224.9,1993,127,1.75971,1.316318,6,19,0,13.48938,0.0
73,6019,122.9086,732929,15.55144,14.71466,5.212237,49.91275,565.65,12016.35,143.1,1994,122,1.664554,0.9960037,6,19,0,13.5048,0.0
68,6019,124.1822,740524,15.64905,14.27962,5.196186,50.02795,553.664,12048.75,126.608,1995,105,1.417915,0.9182687,6,19,0,13.51511,0.0
51,6019,125.9846,751272,15.70683,14.01849,5.210896,50.23014,541.662,12129.66,116.116,1996,94,1.251211,0.6788487,6,19,0,13.52952,0.0
5,6021,16.35,21500,16.98,15.73,0.27,41.95,205.33,14148.67,117.85,1980,2,0.9302326,2.325582,6,21,0,9.975808,0.0
3,6021,16.77,22048,16.73,15.74,0.31,41.93,186.66,12153.76,118.58,1981,0,0.0,1.360668,6,21,0,10.00098,0.0
6,6021,16.99,22344,16.38,15.68,0.33,41.83,195.61,10957.54,174.91,1982,2,0.8950949,2.685285,6,21,0,10.01431,0.0
0,6021,17.4,22876,16.05,15.54,0.38,41.7,205.61,9829.4,198.59,1983,0,0.0,0,6,21,0,10.03784,0.0
5,6021,17.37,22836,15.68,15.32,0.41,41.55,231.6,10575.8,137.42,1984,3,1.313715,2.189525,6,21,0,10.03609,0.0
1,6021,17.62,23168,15.46,15.01,0.44,41.47,241.28,10993.09,120.64,1985,2,0.8632597,0.4316298,6,21,0,10.05053,0.0
0,6021,17.66,23216,15.33,14.59,0.48,41.36,276.64,10718.62,123.25,1986,0,0.0,0,6,21,0,10.0526,0.0
3,6021,17.73,23316,15.33,14.14,0.5,41.28,298.32,11557.91,95.92,1987,2,0.85778,1.28667,6,21,0,10.0569,0.0
3,6021,18.13,23844,15.33,13.69,0.53,41.16,304.56,11545.36,81.22,1988,0,0.0,1.258178,6,21,0,10.07929,0.0
3,6021,18.58,24424,15.36,13.35,0.57,41.04,344.59,11275.4,92,1989,3,1.2283,1.2283,6,21,0,10.10332,0.0
2,6021,18.85,24780,15.29,12.95,0.56,40.85,366.15,10891.75,113.37,1990,0,0.0,0.8071025,6,21,0,10.11779,0.0
3,6021,19.12,25136,15.23,12.56,0.56,40.7,394.16,10085.89,154.14,1991,2,0.7956715,1.193507,6,21,0,10.13206,0.0
1,6021,19.4,25508,15.16,12.18,0.56,40.51,436.36,10603.02,226.02,1992,0,0.0,0.3920339,6,21,0,10.14675,0.0
6,6021,19.58957,25758,15.30398,11.71287,0.551285,50.132,409.664,11547.4,202.756,1993,2,0.7764578,2.329373,6,21,0,10.1565,0.0
4,6021,19.71961,25929,15.37661,11.31937,0.5707895,50.28732,404.325,10903.95,135.675,1994,0,0.0,1.542674,6,21,0,10.16312,0.0
0,6021,19.90138,26168,15.50749,10.91792,0.5846836,50.4089,402.128,10422.53,113.488,1995,0,0.0,0,6,21,0,10.17229,0.0
1,6021,19.92724,26202,15.63239,10.69002,0.5877414,50.44653,400.664,11309.83,107.184,1996,1,0.3816503,0.3816502,6,21,0,10.17359,0.0
6,6023,30.49,108928,15.45,22.41,0.52,43.08,294.03,11598.38,363.28,1980,9,0.8262339,0.5508226,6,23,0,11.59844,0.0
9,6023,30.88,110336,15.17,22.06,0.55,43.08,293.17,10870.2,328.3,1981,7,0.6344258,0.8156903,6,23,0,11.61129,0.0
15,6023,30.76,109888,14.84,21.61,0.59,42.95,285.66,10475.23,397.44,1982,19,1.729033,1.365026,6,23,0,11.60722,0.0
11,6023,30.69,109632,14.5,21.06,0.62,42.78,293.88,10920.66,273.82,1983,7,0.6384997,1.003357,6,23,0,11.60488,0.0
8,6023,30.86,110272,14.17,20.41,0.65,42.64,297.91,11124.53,147.99,1984,6,0.5441091,0.7254788,6,23,0,11.61071,0.0
13,6023,31.08,111040,14.0,19.66,0.68,42.53,318.3,11357.79,120.64,1985,7,0.6304035,1.170749,6,23,0,11.61765,0.0
7,6023,31.26,111696,13.87,18.79,0.71,42.37,349.68,11892.73,99.52,1986,7,0.6267011,0.6267011,6,23,0,11.62354,0.0
5,6023,31.58,112816,13.87,17.84,0.74,42.26,365.2,11928.4,74.8,1987,6,0.5318394,0.4431995,6,23,0,11.63351,0.0
7,6023,32.12,114768,13.87,16.97,0.77,42.11,373.93,12002.2,72.76,1988,6,0.5227938,0.6099261,6,23,0,11.65067,0.0
6,6023,32.79,117152,13.86,16.21,0.8,42.0,408.34,12219.59,71.02,1989,4,0.3414368,0.5121552,6,23,0,11.67123,0.0
5,6023,33.3,118960,13.77,15.57,0.81,41.87,433.56,12106.63,85.03,1990,11,0.9246806,0.4203093,6,23,0,11.68654,0.0
13,6023,33.8,120768,13.68,14.93,0.82,41.7,449.21,11837.95,106.43,1991,9,0.7452305,1.076444,6,23,0,11.70163,0.0
4,6023,34.34,122688,13.59,14.31,0.84,41.54,479.14,11935.62,162.56,1992,6,0.4890454,0.3260303,6,23,0,11.7174,0.0
13,6023,34.2838,122489,13.75797,13.73838,0.8376262,49.69181,464.332,12100.31,161.236,1993,10,0.8163998,1.06132,6,23,0,11.71578,0.0
13,6023,34.09711,121822,13.80539,13.019,0.8413916,49.69792,474.525,12313.35,101.925,1994,7,0.5746089,1.067131,6,23,0,11.71032,0.0
5,6023,34.46713,123144,14.07783,12.54223,0.8412915,49.71984,463.792,12308.53,84.624,1995,8,0.6496459,0.4060287,6,23,0,11.72111,0.0
5,6023,34.43327,123023,14.35666,12.25137,0.8543118,49.73135,467.654,12508.63,77.198,1996,3,0.2438568,0.4064281,6,23,0,11.72013,0.0
34,6025,22.18,92592,20.65,16.74,2.86,40.2,349.92,11176.78,240.57,1980,17,1.836012,3.672024,6,25,0,11.43596,0.0
30,6025,22.59,94304,20.35,16.79,2.83,40.25,327.2,10346.45,267.91,1981,11,1.16644,3.181201,6,25,0,11.45428,0.0
33,6025,22.92,95680,19.92,16.79,2.81,40.17,303.25,10581.84,321.88,1982,10,1.045151,3.448997,6,25,0,11.46876,0.0
11,6025,23.2,96880,19.47,16.68,2.77,40.03,308.92,10494.38,380.14,1983,8,0.8257638,1.135425,6,25,0,11.48123,0.0
20,6025,23.34,97456,19.04,16.5,2.74,39.95,324.82,10324.02,339.23,1984,8,0.8208833,2.052208,6,25,0,11.48716,0.0
7,6025,23.76,99184,18.77,16.21,2.71,39.84,341.5,9714.3,351.71,1985,5,0.5041136,0.705759,6,25,0,11.50473,0.0
9,6025,23.68,98880,18.59,15.81,2.69,39.73,387.11,9806.53,237.38,1986,15,1.51699,0.9101942,6,25,0,11.50166,0.0
7,6025,23.97,100064,18.58,15.34,2.66,39.69,410.96,10719.27,202.4,1987,8,0.7994883,0.6995522,6,25,0,11.51357,0.0
11,6025,24.4,101888,18.58,14.89,2.64,39.58,432.31,11520.82,171.74,1988,9,0.8833228,1.079617,6,25,0,11.53163,0.0
6,6025,25.19,105152,18.6,14.57,2.63,39.52,460.8,11969.42,195.29,1989,5,0.4755021,0.5706026,6,25,0,11.56316,0.0
14,6025,26.55,110848,18.44,14.15,2.61,39.35,491.01,11685.33,199.16,1990,11,0.9923499,1.262991,6,25,0,11.61592,0.0
15,6025,27.91,116528,18.27,13.8,2.6,39.14,504.99,10527.02,215.06,1991,9,0.7723466,1.287244,6,25,0,11.66589,0.0
29,6025,29.36,122560,18.14,13.44,2.59,38.98,521.92,9996.26,335.11,1992,14,1.142298,2.366188,6,25,0,11.71636,0.0
15,6025,32.48583,135630,17.97832,13.95856,2.757502,50.64587,501.008,10584.83,310.016,1993,5,0.36865,1.10595,6,25,0,11.81769,0.0
19,6025,32.93468,137504,17.87512,13.85414,2.799919,51.18251,513.675,9759.825,201.825,1994,6,0.4363509,1.381778,6,25,0,11.83141,0.0
17,6025,33.79168,141082,17.689,13.93232,2.899023,51.9478,512.336,9554.64,192.208,1995,9,0.6379269,1.204973,6,25,0,11.8571,0.0
6,6025,34.16748,142651,17.63675,13.6529,2.89658,52.10268,512.952,9183.372,189.486,1996,13,0.911315,0.4206069,6,25,0,11.86816,0.0
2,6027,1.76,17904,15.13,13.67,0.16,43.17,204.12,12068.59,65.61,1980,2,1.117069,1.117069,6,27,0,9.792779,0.0
5,6027,1.76,17952,14.76,13.55,0.18,43.15,197.64,12080.2,80.15,1981,2,1.114082,2.785205,6,27,0,9.795457,0.0
1,6027,1.81,18408,14.33,13.32,0.22,43.01,195.61,11469.87,120.06,1982,3,1.629726,0.543242,6,27,0,9.82054,0.0
1,6027,1.81,18420,13.85,13.02,0.25,42.86,205.61,11743.12,121.36,1983,1,0.5428882,0.5428882,6,27,0,9.821193,0.0
1,6027,1.79,18200,13.39,12.65,0.28,42.74,221.03,11859.7,96.1,1984,1,0.5494506,0.5494506,6,27,0,9.809176,0.0
6,6027,1.77,18084,13.03,12.17,0.34,42.64,239.42,11969.34,79.81,1985,2,1.10595,3.31785,6,27,0,9.802783,0.0
4,6027,1.75,17860,12.72,11.66,0.36,42.51,259.29,12325.5,76.69,1986,1,0.5599104,2.239642,6,27,0,9.790318,0.0
2,6027,1.75,17796,12.55,11.11,0.38,42.41,256.08,12179.2,54.56,1987,0,0.0,1.123848,6,27,0,9.786729,0.0
0,6027,1.76,17944,12.35,10.55,0.41,42.29,252.95,12882.88,39.76,1988,1,0.5572894,0,6,27,0,9.795012,0.0
4,6027,1.8,18316,12.19,10.08,0.45,42.12,253.4,13375.21,38.74,1989,3,1.637912,2.183883,6,27,0,9.81553,0.0
0,6027,1.8,18328,12.08,9.68,0.46,42.0,260.44,13228.05,64.34,1990,0,0.0,0,6,27,0,9.816185,0.0
1,6027,1.8,18344,11.96,9.29,0.46,41.89,290.66,12857.48,91.02,1991,0,0.0,0.5451373,6,27,0,9.817058,0.0
0,6027,1.8,18368,11.86,8.91,0.47,41.76,325.13,12897.45,138.32,1992,0,0.0,0,6,27,0,9.818365,0.0
1,6027,1.804933,18396,11.98087,8.594259,0.456621,49.15199,301.02,13260.8,132.172,1993,1,0.5435964,0.5435964,6,27,0,9.819888,0.0
0,6027,1.816315,18512,12.12187,8.173077,0.4537597,49.1573,314.55,13105.8,89.775,1994,0,0.0,0,6,27,0,9.826175,0.0
0,6027,1.813469,18483,12.17876,7.872099,0.4652924,49.23984,318.16,13425.7,69.536,1995,0,0.0,0,6,27,0,9.824607,0.0
0,6027,1.808563,18433,12.23349,7.633049,0.4665546,49.17268,320.914,13641.72,64.438,1996,0,0.0,0,6,27,0,9.821898,0.0
64,6029,49.92,406400,17.41,18.44,5.41,41.05,285.52,12968.91,78.97,1980,84,2.066929,1.574803,6,29,0,12.91509,0.0
60,6029,51.44,418816,17.02,18.55,5.47,41.13,267.91,12135.09,81.25,1981,81,1.934023,1.43261,6,29,0,12.94519,0.0
62,6029,53.27,433664,16.58,18.57,5.53,41.1,249.43,11999.79,126.27,1982,62,1.429678,1.429678,6,29,0,12.98003,0.0
44,6029,54.89,446912,16.13,18.48,5.58,40.98,249.75,11514.44,154.46,1983,40,0.8950308,0.9845338,6,29,0,13.01012,0.0
56,6029,56.42,459328,15.69,18.33,5.63,40.91,249.86,11905.83,117.24,1984,38,0.8272955,1.219172,6,29,0,13.03752,0.0
71,6029,58.24,474176,15.42,18.07,5.67,40.86,250.56,11982.34,116,1985,56,1.180996,1.497334,6,29,0,13.06933,0.0
60,6029,59.71,486144,15.23,17.7,5.7,40.83,274.81,12275.28,130.56,1986,54,1.110782,1.234202,6,29,0,13.09426,0.0
71,6029,61.15,497856,15.19,17.25,5.75,40.77,297.44,11886.16,101.2,1987,61,1.225254,1.426115,6,29,0,13.11807,0.0
57,6029,62.75,510912,15.15,16.84,5.81,40.7,315.56,12014.04,89.68,1988,65,1.272235,1.115652,6,29,0,13.14395,0.0
47,6029,64.84,527872,15.13,16.53,5.87,40.66,331.68,11943.59,87.96,1989,46,0.8714234,0.8903674,6,29,0,13.17661,0.0
63,6029,67.23,547328,15.03,16.08,5.91,40.47,352.36,11981,108.77,1990,60,1.096235,1.151047,6,29,0,13.2128,0.0
54,6029,69.63,566912,14.94,15.63,5.96,40.3,368.47,11560.5,133.59,1991,61,1.076005,0.9525288,6,29,0,13.24796,0.0
54,6029,72.16,587520,14.86,15.21,6.0,40.14,397.14,11356.66,215.33,1992,49,0.8340142,0.9191177,6,29,0,13.28367,0.0
87,6029,73.65298,599655,14.88506,15.00346,6.317633,51.16025,404.82,11646.36,211.06,1993,73,1.217367,1.450834,6,29,0,13.30411,0.0
89,6029,75.1044,611472,14.9809,14.46935,6.341909,51.25942,421.2,11333.25,135.675,1994,92,1.504566,1.455504,6,29,0,13.32362,0.0
67,6029,75.68266,616180,15.12188,13.9938,6.350579,51.31812,435.584,11371.76,110.864,1995,71,1.152261,1.087345,6,29,0,13.33129,0.0
48,6029,76.48705,622729,15.25158,13.66951,6.367136,51.39089,443.41,11362.78,102.718,1996,52,0.8350342,0.7708008,6,29,0,13.34187,0.0
3,6031,53.45,74272,18.73,19.35,5.13,41.33,351.13,13214.34,137.29,1980,4,0.538561,0.4039207,6,31,0,11.21549,0.0
4,6031,54.86,76224,18.13,19.99,5.61,41.91,338.18,10891.05,117.49,1981,7,0.9183459,0.5247691,6,31,0,11.24143,0.0
9,6031,56.29,78208,17.46,20.52,6.07,42.33,317.74,10685.34,136.62,1982,11,1.406506,1.150777,6,31,0,11.26713,0.0
11,6031,58.38,81120,16.82,20.91,6.49,42.63,302.91,9547.55,159.48,1983,5,0.6163708,1.356016,6,31,0,11.30369,0.0
4,6031,59.73,82992,16.21,21.21,6.89,43.02,298.87,10288.46,107.63,1984,2,0.2409871,0.4819742,6,31,0,11.3265,0.0
5,6031,61.31,85184,15.77,21.36,7.25,43.36,303.46,9680.89,97.44,1985,6,0.7043576,0.5869647,6,31,0,11.35257,0.0
7,6031,62.16,86368,15.43,21.35,7.59,43.63,339.64,9366.46,102.26,1986,5,0.5789181,0.8104854,6,31,0,11.36637,0.0
3,6031,63.34,88016,15.24,21.22,7.91,43.9,350.24,10225.59,73.92,1987,3,0.3408471,0.3408471,6,31,0,11.38527,0.0
2,6031,68.02,94512,15.1,21.1,8.23,44.11,339.25,9885.51,71.06,1988,3,0.31742,0.2116133,6,31,0,11.45648,0.0
12,6031,71.85,99840,14.97,21.09,8.51,44.36,343.78,10244.05,68.59,1989,2,0.2003205,1.201923,6,31,0,11.51132,0.0
9,6031,73.19,101696,14.84,20.64,8.6,44.21,353.13,9675.34,86.56,1990,5,0.4916614,0.8849906,6,31,0,11.52974,0.0
6,6031,74.53,103552,14.7,20.19,8.69,44.09,374.34,9420.88,110.1,1991,6,0.579419,0.579419,6,31,0,11.54783,0.0
6,6031,75.93,105504,14.58,19.77,8.78,43.97,395.71,9465.78,168.98,1992,4,0.3791325,0.5686988,6,31,0,11.5665,0.0
7,6031,77.62657,107861,14.57431,19.05786,9.078351,54.06959,390.98,9604.268,168.848,1993,9,0.8344073,0.6489834,6,31,0,11.5886,0.0
5,6031,79.15879,109990,14.67861,18.34894,8.993545,54.03218,399.6,9281.25,111.375,1994,7,0.6364215,0.4545868,6,31,0,11.60814,0.0
8,6031,80.58954,111978,14.84488,17.51862,8.877637,53.83825,387.04,9034.432,99.056,1995,7,0.6251228,0.714426,6,31,0,11.62606,0.0
7,6031,81.57767,113351,14.99943,17.05411,8.784219,53.75427,386.628,9284.814,88.682,1996,10,0.8822154,0.6175507,6,31,0,11.63824,0.0
2,6033,29.27,36832,12.9,11.68,0.99,42.97,376.65,11440.44,94.77,1980,3,0.8145091,0.5430061,6,33,0,10.51412,0.0
4,6033,30.69,38616,12.68,11.62,1.1,42.93,371.12,11187.52,94.43,1981,4,1.03584,1.03584,6,33,0,10.56142,0.0
1,6033,31.78,39992,12.41,11.52,1.2,42.77,382.95,11271.15,131.44,1982,0,0.0,0.25005,6,33,0,10.59643,0.0
1,6033,33.22,41808,12.12,11.37,1.3,42.58,372.11,11538.51,139.42,1983,1,0.2391887,0.2391887,6,33,0,10.64084,0.0
3,6033,34.81,43808,11.84,11.19,1.41,42.45,343.08,11582.93,108.59,1984,6,1.369613,0.6848065,6,33,0,10.68757,0.0
1,6033,36.15,45488,11.66,10.92,1.49,42.34,335.94,11610.2,99.3,1985,1,0.2198382,0.2198382,6,33,0,10.7252,0.0
6,6033,36.65,46128,11.55,10.62,1.57,42.23,381.63,12295.37,101.34,1986,7,1.517516,1.300728,6,33,0,10.73918,0.0
6,6033,37.46,47136,11.57,10.27,1.63,42.16,403.04,12042.8,76.56,1987,5,1.06076,1.272913,6,33,0,10.76079,0.0
4,6033,38.07,47912,11.6,9.950001,1.72,42.03,435.69,11959.9,71.91,1988,4,0.8348639,0.8348639,6,33,0,10.77712,0.0
6,6033,38.89,48944,11.66,9.72,1.81,41.92,464.83,12450.39,67.79,1989,6,1.225891,1.225891,6,33,0,10.79843,0.0
6,6033,40.47,50928,11.63,9.37,1.84,41.82,487.94,12398.47,76.6,1990,5,0.9817782,1.178134,6,33,0,10.83817,0.0
2,6033,42.05,52920,11.61,9.06,1.87,41.74,507.19,12223.3,102.03,1991,7,1.322751,0.3779289,6,33,0,10.87654,0.0
5,6033,43.72,55016,11.58,8.76,1.91,41.63,534.04,12119.57,163.28,1992,6,1.090592,0.9088265,6,33,0,10.91538,0.0
2,6033,43.68661,54978,11.68467,8.248755,1.931682,49.15602,534.224,12194.42,167.464,1993,3,0.5456728,0.3637819,6,33,0,10.91469,0.0
3,6033,44.04816,55433,11.76014,7.816644,1.989789,49.21256,528.525,12164.85,108,1994,4,0.7215918,0.5411939,6,33,0,10.92293,0.0
9,6033,44.01241,55388,11.88886,7.488987,1.996822,49.30671,533.984,12103.86,93.152,1995,5,0.9027226,1.624901,6,33,0,10.92212,0.0
2,6033,43.91149,55261,11.9958,7.243807,2.015888,49.36031,548.68,12304.47,90.596,1996,2,0.3619189,0.3619189,6,33,0,10.91982,0.0
4,6035,4.79,21852,17.05,20.4,3.61,46.7,251.5,10276.47,111.78,1980,1,0.457624,1.830496,6,35,0,9.992047,0.0
3,6035,4.95,22568,16.51,20.58,3.97,47.42,267.91,9385.7,120.78,1981,1,0.4431053,1.329316,6,35,0,10.02429,0.0
0,6035,5.13,23372,15.94,20.69,4.28,47.99,289.8,9263.25,124.2,1982,1,0.4278624,0,6,35,0,10.05929,0.0
1,6035,5.17,23560,15.34,20.68,4.64,48.46,275.82,9366.01,104.31,1983,3,1.273345,0.4244482,6,35,0,10.06731,0.0
3,6035,5.23,23828,14.76,20.65,4.95,48.98,284.46,9625.38,87.45,1984,3,1.259023,1.259023,6,35,0,10.07862,0.0
1,6035,5.29,24128,14.38,20.4,5.25,49.4,297.89,9952.8,100.22,1985,1,0.4144562,0.4144562,6,35,0,10.09113,0.0
5,6035,5.41,24640,14.06,20.06,5.49,49.8,304.03,10184.51,91.3,1986,2,0.8116883,2.029221,6,35,0,10.11213,0.0
5,6035,5.72,26048,13.88,19.63,5.7,50.16,305.36,9655.36,67.76,1987,2,0.7678133,1.919533,6,35,0,10.1677,0.0
5,6035,5.85,26680,13.73,19.26,5.92,50.53,313.87,9669.77,62.6,1988,2,0.7496252,1.874063,6,35,0,10.19167,0.0
3,6035,6.0,27332,13.59,19.0,6.11,50.88,330.87,9719.51,62.14,1989,1,0.3658715,1.097615,6,35,0,10.21581,0.0
2,6035,6.07,27676,13.46,18.52,6.17,50.87,347.76,9513.72,80.43,1990,3,1.083972,0.7226477,6,35,0,10.22832,0.0
2,6035,6.15,28020,13.33,18.07,6.23,50.88,391.22,9759.26,98.36,1991,0,0.0,0.7137759,6,35,0,10.24067,0.0
2,6035,6.23,28384,13.22,17.61,6.29,50.88,408.55,10265.05,141.89,1992,1,0.3523112,0.7046223,6,35,0,10.25358,0.0
1,6035,6.206052,28284,13.42809,16.88587,6.169566,58.17423,379.216,10174.48,152.932,1993,2,0.7071136,0.3535568,6,35,0,10.25005,0.0
3,6035,6.183891,28183,13.56846,16.29706,6.16329,58.15562,388.8,10548.9,103.275,1994,2,0.7096477,1.064471,6,35,0,10.24647,0.0
2,6035,6.236113,28421,13.76447,15.69262,6.072974,57.97826,391.632,10326.75,86.592,1995,4,1.40741,0.703705,6,35,0,10.25488,0.0
0,6035,6.896564,31431,13.13353,17.48274,8.058923,60.66304,345.158,9494.078,79.112,1996,0,0.0,0,6,35,0,10.35555,0.0
1663,6037,1847.75,7501824,16.25,19.67,12.74,41.44,303.75,14417.19,77.76,1980,1732,2.308772,2.216794,6,37,0,15.83066,0.0
2391,6037,1873.73,7607296,15.91,20.02,12.59,41.6,295.36,14414.54,70.27,1981,1500,1.971791,3.143035,6,37,0,15.84462,0.0
1956,6037,1912.83,7766016,15.48,20.29,12.46,41.65,286.69,14160.87,109.71,1982,1416,1.823329,2.518666,6,37,0,15.86527,0.0
2056,6037,1950.66,7919616,15.04,20.42,12.33,41.64,295.88,14347.91,117.35,1983,1348,1.702103,2.596086,6,37,0,15.88485,0.0
1969,6037,1980.42,8040448,14.62,20.49,12.2,41.69,291.18,14969.49,70.15,1984,1300,1.616825,2.448869,6,37,0,15.9,0.0
1556,6037,2015.23,8181760,14.35,20.42,12.08,41.74,299.74,15348.19,64.96,1985,1326,1.620678,1.901791,6,37,0,15.91742,0.0
1418,6037,2067.18,8392704,14.14,20.23,11.95,41.76,311.33,15728.25,67.56,1986,1409,1.678839,1.689563,6,37,0,15.94287,0.0
1417,6037,2106.53,8552448,14.07,19.93,11.87,41.79,315.92,15943.84,53.68,1987,1412,1.650989,1.656836,6,37,0,15.96173,0.0
1228,6037,2134.27,8665088,14.0,19.66,11.81,41.8,315.56,16058.77,40.61,1988,1346,1.55336,1.417181,6,37,0,15.97481,0.0
1253,6037,2165.55,8792064,13.93,19.5,11.75,41.83,327.64,15864.81,37.12,1989,1588,1.806174,1.425149,6,37,0,15.98936,0.0
1862,6037,2188.25,8884224,13.78,19.08,11.71,41.67,350.83,15890.66,48.26,1990,1768,1.990044,2.09585,6,37,0,15.99979,0.0
1717,6037,2210.95,8976384,13.65,18.68,11.68,41.51,375.81,15418.4,74.13,1991,1856,2.067648,1.912797,6,37,0,16.01011,0.0
1685,6037,2235.16,9074688,13.53,18.25,11.65,41.32,422.1,15351.6,109.09,1992,1919,2.114673,1.856813,6,37,0,16.021,0.0
1435,6037,2238.198,9087015,13.67033,17.68571,11.53635,49.95137,430.424,15343.02,106.568,1993,1944,2.139316,1.579176,6,37,0,16.02236,0.0
1234,6037,2236.65,9080732,13.7644,17.09772,11.44839,49.96342,442.125,15244.2,72.225,1994,1669,1.837958,1.358921,6,37,0,16.02167,0.0
1290,6037,2235.941,9077853,13.86698,16.58683,11.3524,49.97554,457.232,15668.56,52.48,1995,1678,1.848455,1.421041,6,37,0,16.02135,0.0
1105,6037,2248.231,9127751,13.98491,16.16268,11.24783,49.98259,463.826,15914.91,55.506,1996,1403,1.537071,1.210594,6,37,1,16.02683,0.0010956
19,6039,29.92,63984,17.61,15.9,3.59,41.27,353.56,12682.16,98.41,1980,12,1.875469,2.969492,6,39,0,11.06639,0.0
5,6039,31.43,67200,17.43,15.87,3.51,41.42,334.89,10552.88,91.13,1981,6,0.8928571,0.7440476,6,39,0,11.11543,0.0
11,6039,32.38,69232,17.15,15.76,3.43,41.37,310.5,9881.14,112.81,1982,12,1.733302,1.588861,6,39,0,11.14522,0.0
8,6039,33.43,71488,16.84,15.55,3.36,41.31,319.96,9368.02,121.36,1983,4,0.5595345,1.119069,6,39,0,11.17729,0.0
4,6039,34.13,72992,16.51,15.31,3.3,41.25,318.09,9767.6,94.18,1984,5,0.6850066,0.5480053,6,39,0,11.1981,0.0
6,6039,35.12,75104,16.35,14.99,3.23,41.21,326.66,9893.41,119.71,1985,7,0.9320409,0.7988922,6,39,0,11.22663,0.0
7,6039,35.99,76960,16.27,14.57,3.18,41.2,353.33,10411.85,122.34,1986,5,0.6496881,0.9095634,6,39,0,11.25104,0.0
13,6039,36.95,79008,16.35,14.09,3.13,41.19,352.88,11093.27,91.52,1987,18,2.27825,1.645403,6,39,0,11.2773,0.0
6,6039,38.23,81760,16.45,13.66,3.1,41.14,350.24,11128.28,93.91,1988,8,0.9784736,0.7338552,6,39,0,11.31154,0.0
8,6039,39.66,84800,16.56,13.32,3.06,41.13,352.66,11005.05,96.03,1989,15,1.768868,0.9433962,6,39,0,11.34805,0.0
5,6039,41.55,88848,16.48,12.94,3.06,41.01,361.55,11030.4,130.22,1990,15,1.688277,0.5627589,6,39,0,11.39468,0.0
5,6039,43.45,92912,16.41,12.58,3.06,40.86,369.2,10289.95,157.81,1991,6,0.6457723,0.5381436,6,39,0,11.43941,0.0
10,6039,45.45,97200,16.35,12.23,3.06,40.75,395,10622.98,227.45,1992,11,1.131687,1.028807,6,39,0,11.48453,0.0
17,6039,48.28665,103257,16.14031,13.02478,3.302439,51.8144,383.368,10795.2,215.212,1993,10,0.9684573,1.646377,6,39,0,11.54498,0.0
15,6039,49.54459,105947,16.19961,12.65067,3.331855,51.96466,394.2,10539.45,142.425,1994,15,1.415802,1.415802,6,39,0,11.57069,0.0
13,6039,50.22079,107393,16.28225,12.3509,3.351243,52.14865,402.784,10382.51,123.984,1995,12,1.117391,1.210507,6,39,0,11.58425,0.0
24,6039,51.66485,110481,16.24261,12.45916,3.430454,52.66154,417.89,10729.88,114.84,1996,11,0.9956463,2.172319,6,39,0,11.6126,0.0
9,6041,428.98,222976,14.9,16.65,2.51,43.82,105.7,20891.92,58.32,1980,16,0.717566,0.4036309,6,41,0,12.31482,0.0
6,6041,430.77,223904,14.28,16.69,2.63,43.88,96.62,21392.33,56,1981,8,0.357296,0.267972,6,41,0,12.31897,0.0
13,6041,429.79,223392,13.6,16.65,2.75,43.87,94.18,21760.88,77.63,1982,4,0.1790574,0.5819367,6,41,0,12.31668,0.0
4,6041,430.89,223968,12.94,16.49,2.87,43.84,90.27,22890.45,89.27,1983,9,0.4018431,0.1785969,6,41,0,12.31926,0.0
5,6041,429.42,223200,12.26,16.25,2.99,43.82,89.37,23814.53,62.46,1984,4,0.1792115,0.2240143,6,41,0,12.31582,0.0
4,6041,427.94,222432,11.71,15.89,3.1,43.79,93.73,24617.97,49.18,1985,10,0.4495756,0.1798302,6,41,0,12.31238,0.0
6,6041,430.95,224000,11.22,15.45,3.21,43.76,98.6,25349.44,48.39,1986,6,0.2678571,0.2678571,6,41,0,12.3194,0.0
6,6041,432.74,224928,10.83,14.9,3.32,43.77,102.08,25264.8,38.72,1987,5,0.2222934,0.266752,6,41,0,12.32354,0.0
6,6041,434.77,225984,10.46,14.4,3.43,43.74,114.21,25979.81,34.69,1988,6,0.2655055,0.2655055,6,41,0,12.32822,0.0
7,6041,440.87,229152,10.04,14.0,3.55,43.73,117.01,26343.7,28.24,1989,6,0.2618349,0.3054741,6,41,0,12.34214,0.0
9,6041,444.62,231104,9.81,13.52,3.62,43.64,117.2,26540.36,36,1990,4,0.1730822,0.3894351,6,41,0,12.35062,0.0
14,6041,448.38,233056,9.599999,13.07,3.68,43.55,126.98,25979.92,54.32,1991,10,0.4290814,0.600714,6,41,0,12.35903,0.0
5,6041,452.56,235232,9.38,12.64,3.74,43.47,143.31,26597.75,87.7,1992,11,0.4676234,0.2125561,6,41,0,12.36833,0.0
1,6041,452.216,235051,9.62004,12.03951,3.674522,49.49096,141.168,27599.73,88.576,1993,4,0.1701758,0.042544,6,41,0,12.36756,0.0
3,6041,452.7778,235343,9.704559,11.51128,3.689508,49.48819,143.775,27878.85,56.7,1994,2,0.0849823,0.1274735,6,41,0,12.3688,0.0
6,6041,451.331,234591,9.817939,11.14237,3.781901,49.54964,144.976,27808.5,47.232,1995,7,0.2983917,0.2557643,6,41,0,12.3656,0.0
4,6041,448.7126,233230,9.941259,10.81679,3.793251,49.51379,147.378,28904.59,37.642,1996,2,0.0857523,0.1715045,6,41,0,12.35978,0.0
2,6043,7.72,11200,15.5,16.4,0.66,45.32,200.47,10881.54,87.48,1980,1,0.8928571,1.785714,6,43,0,9.323669,0.0
2,6043,7.96,11552,14.92,16.02,0.68,45.22,198.74,10273.98,76.86,1981,0,0.0,1.731302,6,43,0,9.354614,0.0
3,6043,8.13,11802,14.33,15.53,0.72,45.03,213.21,10125.4,95.22,1982,1,0.847314,2.541942,6,43,0,9.376024,0.0
1,6043,8.26,11982,13.72,15.05,0.76,44.88,236.71,11227.58,92.28,1983,0,0.0,0.8345852,6,43,0,9.391161,0.0
1,6043,8.48,12310,13.17,14.49,0.74,44.69,234.48,11203.34,77.84,1984,1,0.8123477,0.8123477,6,43,0,9.418167,0.0
0,6043,8.72,12652,12.72,13.89,0.82,44.53,238.5,11675.16,98.37,1985,2,1.580778,0,6,43,0,9.445571,0.0
1,6043,8.87,12872,12.38,13.25,0.82,44.39,262.03,12120.07,86.73,1986,0,0.0,0.77688,6,43,0,9.46281,0.0
1,6043,9.05,13128,12.14,12.55,0.84,44.24,236.72,11678.48,67.76,1987,1,0.7617307,0.7617306,6,43,0,9.482503,0.0
3,6043,9.31,13512,11.97,11.93,0.85,44.11,251.26,11749.24,63.45,1988,4,2.960331,2.220249,6,43,0,9.511333,0.0
4,6043,9.58,13904,11.78,11.33,0.87,43.96,247.75,12080.79,56.49,1989,1,0.7192175,2.87687,6,43,0,9.539932,0.0
3,6043,9.93,14408,11.68,10.84,0.85,43.82,248.95,12484.27,66.64,1990,4,2.776235,2.082176,6,43,0,9.575539,0.0
0,6043,10.28,14912,11.55,10.4,0.83,43.71,272.31,11730.78,89.55,1991,0,0.0,0,6,43,0,9.609921,0.0
0,6043,10.64,15442,11.45,9.96,0.81,43.57,278.07,11954.16,136.9,1992,0,0.0,0,6,43,0,9.644846,0.0
3,6043,10.64832,15453,11.55116,9.415648,0.7830195,50.5274,262.268,12040.8,155.008,1993,3,1.941371,1.941371,6,43,0,9.645558,0.0
0,6043,10.73239,15575,11.62119,8.94382,0.7512038,50.52327,270,11952.22,103.95,1994,0,0.0,0,6,43,0,9.653422,0.0
1,6043,10.80819,15685,11.7437,8.568696,0.7714377,50.58974,276.832,11779.14,91.184,1995,1,0.6375518,0.6375518,6,43,0,9.66046,0.0
0,6043,10.93498,15869,11.93522,8.387422,0.8507152,50.69003,280.082,11793.43,84.216,1996,0,0.0,0,6,43,0,9.672123,0.0
8,6045,19.12,67088,15.55,15.99,0.53,41.8,342.63,11706.52,150.66,1980,8,1.192464,1.192464,6,45,0,11.11376,0.0
4,6045,19.49,68384,15.31,15.79,0.55,41.91,329.4,11127.13,137.25,1981,8,1.169864,0.5849321,6,45,0,11.13289,0.0
5,6045,19.87,69728,15.02,15.53,0.56,41.89,328.09,10594.26,172.84,1982,2,0.2868288,0.717072,6,45,0,11.15236,0.0
4,6045,20.14,70688,14.7,15.16,0.58,41.82,327.98,10960.78,160.48,1983,5,0.7073336,0.5658669,6,45,0,11.16603,0.0
13,6045,20.46,71808,14.36,14.76,0.59,41.8,329.62,11296.55,126.85,1984,9,1.253342,1.810383,6,45,0,11.18175,0.0
9,6045,20.91,73376,14.18,14.26,0.6,41.77,327.58,11555.45,110.43,1985,7,0.9539904,1.226559,6,45,0,11.20335,0.0
5,6045,21.17,74288,14.07,13.69,0.61,41.74,333.24,12051.59,107.73,1986,10,1.346112,0.6730562,6,45,0,11.2157,0.0
7,6045,21.46,75312,14.07,13.05,0.62,41.73,342.32,12005.84,84.48,1987,5,0.6639048,0.9294668,6,45,0,11.22939,0.0
5,6045,21.79,76480,14.11,12.48,0.62,41.73,364.63,12025.04,80.37,1988,6,0.7845188,0.6537657,6,45,0,11.24478,0.0
5,6045,22.35,78432,14.15,11.98,0.65,41.73,380.1,12486.71,71.02,1989,7,0.8924928,0.6374949,6,45,0,11.26999,0.0
13,6045,22.76,79872,14.06,11.52,0.65,41.6,389.89,12399.23,93.45,1990,8,1.001603,1.627604,6,45,0,11.28818,0.0
3,6045,23.17,81312,13.99,11.09,0.65,41.52,413.24,12061.82,133.59,1991,1,0.1229831,0.3689492,6,45,0,11.30605,0.0
13,6045,23.6,82816,13.93,10.67,0.65,41.42,432.79,12239.35,197.5,1992,6,0.7244977,1.569745,6,45,0,11.32438,0.0
0,6045,23.33982,81906,14.06857,10.26054,0.6629551,49.97924,433.884,12440.78,184.764,1993,9,1.098821,0,6,45,0,11.31333,0.0
6,6045,23.41106,82156,14.18764,9.799649,0.6633721,50.03165,436.05,12649.5,113.4,1994,6,0.730318,0.7303179,6,45,0,11.31637,0.0
6,6045,23.60369,82832,14.34953,9.427516,0.6688237,50.07244,432.304,12809.06,98.4,1995,3,0.3621789,0.7243577,6,45,0,11.32457,0.0
5,6045,23.73648,83298,14.50215,9.168287,0.6734856,50.10805,440.858,13238.5,89.32,1996,5,0.6002545,0.6002545,6,45,0,11.33018,0.0
9,6047,70.32,135648,18.6,19.01,5.15,40.92,348.7,11233.88,105.7,1980,10,0.7372022,0.663482,6,47,0,11.81782,0.0
13,6047,72.38,139616,18.24,19.09,5.12,40.95,340.38,9961.05,105.41,1981,12,0.8595003,0.9311254,6,47,0,11.84665,0.0
7,6047,74.01,142752,17.8,19.1,5.09,40.83,359.14,9735.2,121.09,1982,5,0.3502578,0.4903609,6,47,0,11.86886,0.0
6,6047,76.55,147648,17.39,18.99,5.06,40.65,382.14,9406.13,130.39,1983,8,0.5418292,0.4063719,6,47,0,11.90259,0.0
7,6047,78.47,151360,16.95,18.83,5.03,40.54,388.24,10259.63,101.87,1984,9,0.5946089,0.4624736,6,47,0,11.92742,0.0
14,6047,80.83,155904,16.69,18.55,5.0,40.4,401.82,10438.14,136.42,1985,13,0.8338464,0.8979885,6,47,0,11.957,0.0
10,6047,82.42,158976,16.51,18.15,4.97,40.27,427.28,10913.09,140.6,1986,11,0.6919283,0.6290258,6,47,0,11.97651,0.0
13,6047,84.48,162944,16.48,17.67,4.95,40.18,439.12,11051.04,105.6,1987,8,0.4909662,0.7978201,6,47,0,12.00116,0.0
6,6047,86.96,167744,16.48,17.24,4.94,40.05,439.92,10888.86,97.29,1988,5,0.2980733,0.3576879,6,47,0,12.03019,0.0
12,6047,89.67,172960,16.47,16.93,4.93,39.94,461.6,11102.7,92,1989,9,0.5203515,0.6938021,6,47,0,12.06082,0.0
12,6047,92.84,179072,16.35,16.44,4.94,39.69,481.05,10926.22,117.2,1990,15,0.8376519,0.6701215,6,47,0,12.09554,0.0
12,6047,95.99,185152,16.27,16.0,4.94,39.48,499.12,10449.22,154.87,1991,7,0.3780678,0.6481161,6,47,0,12.12893,0.0
9,6047,99.34,191616,16.17,15.57,4.94,39.27,546.16,10655.78,226.73,1992,11,0.5740648,0.4696894,6,47,0,12.16325,0.0
26,6047,99.6537,192221,16.36294,15.01085,4.916216,50.64431,543.22,10900.38,222.824,1993,21,1.092492,1.35261,6,47,0,12.1664,0.0
9,6047,101.8265,196412,16.4715,14.37998,4.87903,50.65729,551.475,10557.67,145.125,1994,16,0.8146142,0.4582205,6,47,0,12.18797,0.0
10,6047,99.93003,192754,16.60095,13.74913,4.837772,50.62671,562.848,10171.28,133.824,1995,11,0.5706756,0.518796,6,47,0,12.16917,0.0
10,6047,99.70036,192311,16.71615,13.38301,4.790678,50.65857,565.268,10886.83,126.962,1996,8,0.4159929,0.519991,6,47,1,12.16687,0.0519991
2,6049,2.2,8684,16.28,13.21,0.17,42.56,266.08,15087.87,121.5,1980,2,2.303086,2.303086,6,49,0,9.069238,0.0
0,6049,2.28,8990,16.0,13.14,0.26,42.74,254.74,11345.63,139.45,1981,0,0.0,0,6,49,0,9.103868,0.0
3,6049,2.35,9268,15.66,13.01,0.29,42.83,264.96,10995.84,158.35,1982,2,2.157963,3.236944,6,49,0,9.134323,0.0
1,6049,2.4,9466,15.29,12.8,0.38,42.86,271.81,11165.39,165.49,1983,0,0.0,1.056412,6,49,0,9.155461,0.0
8,6049,2.44,9630,14.94,12.47,0.44,42.92,303.68,11492.59,147.03,1984,1,1.038422,8.307373,6,49,0,9.172639,0.0
2,6049,2.41,9500,14.72,12.12,0.54,42.95,318.3,10259.04,111.36,1985,1,1.052632,2.105263,6,49,0,9.159047,0.0
3,6049,2.38,9370,14.53,11.71,0.61,43.07,346.94,10389.94,103.17,1986,2,2.134472,3.201707,6,49,0,9.145268,0.0
2,6049,2.37,9350,14.54,11.18,0.66,43.19,375.76,10733.36,79.2,1987,1,1.069519,2.139037,6,49,0,9.143131,0.0
0,6049,2.37,9360,14.5,10.72,0.76,43.22,395.93,11055.52,71.06,1988,1,1.068376,0,6,49,0,9.1442,0.0
2,6049,2.45,9662,14.51,10.33,0.8,43.29,401.08,11419.85,74.24,1989,1,1.034982,2.069965,6,49,0,9.175956,0.0
0,6049,2.47,9728,14.46,9.95,0.81,43.21,425.9,10970.65,94.98,1990,1,1.027961,0,6,49,0,9.182764,0.0
0,6049,2.48,9794,14.41,9.59,0.82,43.19,464.62,10463.9,127.72,1991,0,0.0,0,6,49,0,9.189526,0.0
5,6049,2.5,9866,14.36,9.23,0.83,43.09,494.82,10430.48,153.29,1992,2,2.027164,5.06791,6,49,0,9.19685,0.0
1,6049,2.436389,9610,14.48491,8.720083,0.7908429,51.0718,492.012,11431.15,161.928,1993,0,0.0,1.040583,6,49,0,9.17056,0.0
1,6049,2.461234,9708,14.58591,8.312732,0.7931603,51.18459,484.65,10625.85,108.675,1994,0,0.0,1.030078,6,49,0,9.180706,0.0
0,6049,2.435882,9608,14.7169,7.941299,0.8118235,51.20733,475.6,9910.192,102.336,1995,0,0.0,0,6,49,0,9.170351,0.0
2,6049,2.457431,9693,14.73228,7.747859,0.7943877,51.40823,467.654,9406.034,88.682,1996,0,0.0,2.063345,6,49,0,9.179159,0.0
2,6051,2.84,8650,15.24,29.2,0.2,47.81,106.92,13067.32,109.35,1980,2,2.312139,2.312139,6,51,0,9.065314,0.0
3,6051,2.93,8914,14.59,28.46,0.21,47.77,92.23,12578.69,85.64,1981,0,0.0,3.365492,6,51,0,9.095378,0.0
3,6051,3.05,9280,13.98,27.59,0.24,47.6,72.45,12694.27,152.14,1982,0,0.0,3.232759,6,51,0,9.135617,0.0
0,6051,3.03,9222,13.33,26.61,0.3,47.4,72.22,12393.06,191.57,1983,0,0.0,0,6,51,0,9.129347,0.0
1,6051,2.89,8790,12.75,25.54,0.32,47.26,75.92,12766.88,124.93,1984,0,0.0,1.137656,6,51,0,9.08137,0.0
1,6051,2.89,8804,12.34,24.34,0.41,47.08,81.66,13179.45,105.79,1985,0,0.0,1.135847,6,51,0,9.082961,0.0
1,6051,2.89,8796,12.01,23.0,0.41,46.94,97.69,13683.13,99.52,1986,0,0.0,1.13688,6,51,0,9.082052,0.0
0,6051,2.93,8914,11.74,21.62,0.42,46.75,110,13371.59,76.56,1987,0,0.0,0,6,51,0,9.095378,0.0
0,6051,2.98,9070,11.45,20.3,0.45,46.55,119.29,13960.69,54.14,1988,0,0.0,0,6,51,0,9.112727,0.0
0,6051,3.12,9512,11.22,19.14,0.49,46.39,129.93,14361.37,50.84,1989,0,0.0,0,6,51,0,9.16031,0.0
0,6051,3.14,9566,11.05,18.32,0.49,46.18,127.16,13533.69,83.49,1990,0,0.0,0,6,51,0,9.165971,0.0
0,6051,3.16,9620,10.88,17.53,0.48,45.99,159.28,13079.14,170.29,1991,0,0.0,0,6,51,0,9.171599,0.0
0,6051,3.18,9682,10.72,16.75,0.47,45.77,178.96,13628.28,209.62,1992,0,0.0,0,6,51,0,9.178023,0.0
1,6051,3.386122,10309,10.9516,16.02483,0.3589097,54.17596,153.624,13464.94,185.456,1993,1,0.9700262,0.9700261,6,51,0,9.240772,0.0
0,6051,3.488274,10620,11.01695,16.12994,0.5178908,54.7646,162,13026.15,140.4,1994,0,0.0,0,6,51,0,9.270494,0.0
0,6051,3.465281,10550,11.29858,14.99526,0.3601896,54.33175,144.32,13063.58,129.232,1995,0,0.0,0,6,51,0,9.263881,0.0
1,6051,3.447873,10497,11.3842,14.62323,0.3905878,54.37744,157.586,13195.12,125.048,1996,1,0.9526531,0.9526531,6,51,0,9.258844,0.0
33,6053,87.97,292224,16.83,21.75,6.65,43.17,208.98,13254.43,156.73,1980,24,0.8212878,1.129271,6,53,0,12.58528,0.0
28,6053,90.2,299648,16.43,21.92,6.66,43.32,203.13,13395.59,131.76,1981,33,1.101292,0.9344297,6,53,0,12.61036,0.0
37,6053,92.17,306176,15.96,21.99,6.67,43.34,179.05,13028.58,127.3,1982,29,0.9471676,1.208455,6,53,0,12.63192,0.0
23,6053,94.42,313664,15.5,21.94,6.68,43.31,176.53,13832.37,149.45,1983,13,0.4144562,0.7332687,6,53,0,12.65608,0.0
30,6053,96.75,321408,15.05,21.85,6.68,43.31,168.17,13833.59,115.32,1984,22,0.6844882,0.9333931,6,53,0,12.68047,0.0
20,6053,98.76,328064,14.76,21.59,6.68,43.36,167.04,14025.79,114.14,1985,26,0.7925283,0.6096371,6,53,0,12.70096,0.0
23,6053,101.09,335808,14.55,21.2,6.67,43.35,174.38,14620.78,118.69,1986,25,0.744473,0.6849152,6,53,0,12.72429,0.0
27,6053,102.73,341248,14.48,20.74,6.67,43.34,177.76,14669.59,90.64,1987,15,0.439563,0.7912135,6,53,0,12.74037,0.0
11,6053,104.13,345920,14.4,20.3,6.68,43.3,181.89,14700.09,82.91,1988,12,0.346901,0.3179926,6,53,0,12.75396,0.0
14,6053,105.31,349824,14.33,20.01,6.69,43.3,188.03,14663.99,77.47,1989,26,0.7432309,0.4002012,6,53,0,12.76519,0.0
25,6053,107.31,356480,14.18,19.48,6.68,43.05,202.99,14946.95,104.18,1990,28,0.7854578,0.7013016,6,53,0,12.78403,0.0
22,6053,109.31,363136,14.06,18.99,6.67,42.88,219.47,14498.7,135.79,1991,25,0.6884473,0.6058336,6,53,0,12.80253,0.0
18,6053,111.43,370176,13.93,18.5,6.66,42.66,237.43,15051.43,196.07,1992,33,0.8914679,0.4862552,6,53,0,12.82173,0.0
26,6053,105.9426,351935,13.85,16.74855,6.108799,50.97419,244.276,15153.42,204.832,1993,32,0.9092588,0.7387728,6,53,0,12.7712,0.0
45,6053,100.1872,332816,13.94795,16.19664,6.08234,51.05373,269.325,15730.2,148.5,1994,40,1.201865,1.352098,6,53,0,12.71535,0.0
37,6053,100.6839,334466,14.07856,15.68829,6.011374,51.06647,274.208,16124.48,128.576,1995,26,0.7773585,1.106241,6,53,0,12.72029,0.0
37,6053,102.0629,339047,14.20688,15.29021,5.950502,51.09085,271.788,15970.42,114.84,1996,23,0.678372,1.091294,6,53,0,12.73389,0.0
5,6055,131.8,99360,16.22,16.0,0.91,43.17,181.03,14024.74,82.62,1980,6,0.6038647,0.5032206,6,55,0,11.50651,0.0
4,6055,132.2,99664,15.69,16.06,0.94,43.2,170.19,14284.98,69.17,1981,5,0.5016857,0.4013485,6,55,0,11.50956,0.0
4,6055,134.2,101168,15.13,16.05,0.96,43.15,165.6,14224,95.22,1982,3,0.2965364,0.3953819,6,55,0,11.52454,0.0
5,6055,134.69,101536,14.55,15.93,0.98,43.04,165.49,14494.35,109.33,1983,4,0.3939489,0.4924362,6,55,0,11.52817,0.0
7,6055,135.18,101904,13.99,15.76,0.99,42.98,158.56,15017.55,74.96,1984,5,0.4906579,0.6869211,6,55,0,11.53179,0.0
6,6055,136.64,103008,13.57,15.48,1.01,42.9,159.62,15606.17,74.24,1985,4,0.3883193,0.5824791,6,55,0,11.54256,0.0
5,6055,138.27,104240,13.25,15.12,1.03,42.84,153.38,16258.7,74.87,1986,6,0.5755948,0.4796623,6,55,0,11.55445,0.0
0,6055,139.29,105008,13.03,14.68,1.05,42.77,152.24,16206.08,56.32,1987,2,0.1904617,0,6,55,0,11.56179,0.0
5,6055,140.78,106128,12.81,14.25,1.07,42.71,164.97,16639.97,49.07,1988,6,0.5653551,0.4711292,6,55,0,11.5724,0.0
3,6055,144.13,108656,12.6,13.95,1.09,42.65,171.08,17337.58,46,1989,5,0.4601679,0.2761007,6,55,0,11.59594,0.0
4,6055,146.21,110224,12.43,13.54,1.11,42.57,173.12,17398.92,60.51,1990,5,0.4536217,0.3628974,6,55,0,11.61027,0.0
2,6055,148.31,111808,12.26,13.15,1.12,42.44,178.36,17293.77,85.14,1991,5,0.4471952,0.1788781,6,55,0,11.62454,0.0
3,6055,150.52,113472,12.11,12.76,1.13,42.34,186.81,17366.53,132.62,1992,6,0.5287648,0.2643824,6,55,0,11.63931,0.0
3,6055,151.9019,114513,12.30166,12.26498,1.081973,49.58476,188.916,17760.87,141.168,1993,4,0.3493053,0.261979,6,55,0,11.64844,0.0
0,6055,153.2881,115558,12.3981,11.77937,1.058343,49.58289,191.025,17905.72,88.425,1994,2,0.1730733,0,6,55,0,11.65753,0.0
0,6055,153.8147,115955,12.54538,11.39235,1.055582,49.61666,196.8,18200.72,70.848,1995,2,0.1724807,0,6,55,0,11.66096,0.0
0,6055,154.5535,116512,12.62703,11.07182,1.066843,49.75453,188.21,18716.37,66.352,1996,0,0.0,0,6,55,0,11.66575,0.0
4,6057,54.91,52584,15.05,13.62,0.14,42.83,183.46,11502.4,112.99,1980,3,0.5705158,0.7606877,6,57,0,10.87017,0.0
2,6057,58.64,56160,14.6,13.17,0.16,42.79,177.88,11037.09,105.41,1981,6,1.068376,0.3561254,6,57,0,10.93596,0.0
4,6057,61.7,59088,14.13,12.73,0.17,42.65,188.37,10509.38,127.3,1982,4,0.6769564,0.6769564,6,57,0,10.98678,0.0
3,6057,63.47,60784,13.66,12.22,0.18,42.52,194.58,11002.91,110.33,1983,2,0.329034,0.493551,6,57,0,11.01508,0.0
4,6057,65.6,62824,13.22,11.71,0.19,42.44,180.67,11930.81,74.96,1984,7,1.114224,0.6366993,6,57,0,11.04809,0.0
1,6057,68.17,65280,12.9,11.15,0.21,42.33,175.39,12235.68,71.46,1985,6,0.9191176,0.1531863,6,57,0,11.08644,0.0
9,6057,70.71,67712,12.67,10.56,0.21,42.23,174.38,12983.77,66.65,1986,5,0.7384216,1.329159,6,57,0,11.12302,0.0
5,6057,73.66,70544,12.58,9.97,0.22,42.2,173.36,12954.48,51.04,1987,4,0.567022,0.7087775,6,57,0,11.16399,0.0
5,6057,76.6,73360,12.53,9.43,0.22,42.1,165.82,13298.27,49.07,1988,2,0.2726281,0.6815703,6,57,0,11.20313,0.0
3,6057,79.49,76128,12.5,8.97,0.23,42.03,160.59,13558.41,43.58,1989,1,0.1313577,0.3940731,6,57,0,11.24017,0.0
1,6057,82.25,78768,12.43,8.58,0.23,41.95,161.63,13804.09,52.85,1990,0,0.0,0.1269551,6,57,0,11.27426,0.0
3,6057,85.01,81408,12.36,8.21,0.23,41.85,168.82,13370.54,80.01,1991,2,0.2456761,0.3685142,6,57,0,11.30723,0.0
8,6057,87.9,84176,12.29,7.85,0.23,41.76,186.81,13407.25,131.19,1992,2,0.2375974,0.9503897,6,57,0,11.34066,0.0
5,6057,88.09945,84369,12.40977,7.412675,0.2192748,49.26217,188.916,13611.64,130.788,1993,6,0.7111617,0.5926347,6,57,0,11.34296,0.0
5,6057,89.62714,85832,12.48485,7.010206,0.2260229,49.28581,179.55,13726.8,81.675,1994,2,0.2330133,0.5825333,6,57,0,11.36015,0.0
5,6057,91.16527,87305,12.63731,6.702938,0.2313728,49.32593,184.992,13863.25,69.536,1995,1,0.114541,0.5727049,6,57,0,11.37716,0.0
1,6057,92.95192,89016,12.76512,6.490968,0.2460232,49.37764,182.468,13847.79,61.886,1996,2,0.2246787,0.1123394,6,57,0,11.39657,0.0
80,6059,2466.7,1947904,17.44,19.86,1.36,42.44,115.42,15960.23,48.6,1980,113,0.5801107,0.4106979,6,59,0,14.48226,0.0
160,6059,2538.34,2004480,16.81,20.24,1.42,42.59,116.39,16051.66,50.51,1981,96,0.4789272,0.798212,6,59,0,14.51089,0.0
84,6059,2590.54,2045696,16.16,20.55,1.48,42.66,115.92,15717.51,92.11,1982,83,0.4057299,0.4106182,6,59,0,14.53125,0.0
94,6059,2645.0,2088704,15.51,20.71,1.53,42.68,120.36,16027.94,94.28,1983,100,0.4787658,0.4500398,6,59,0,14.55205,0.0
94,6059,2688.12,2122752,14.9,20.79,1.58,42.72,113.4,16984.7,49.01,1984,102,0.4805083,0.4428214,6,59,0,14.56822,0.0
95,6059,2749.71,2171392,14.46,20.74,1.63,42.76,107.65,17503,46.4,1985,114,0.5250089,0.4375074,6,59,0,14.59088,0.0
101,6059,2822.33,2228736,14.12,20.55,1.67,42.81,108.65,18141.3,46.56,1986,109,0.4890665,0.4531717,6,59,0,14.61695,0.0
77,6059,2888.46,2280960,13.88,20.25,1.72,42.86,110,18344.47,35.2,1987,90,0.3945707,0.3375771,6,59,0,14.64011,0.0
96,6059,2953.94,2332672,13.65,19.99,1.76,42.87,117.59,18686.44,31.3,1988,123,0.5272923,0.4115452,6,59,0,14.66253,0.0
112,6059,3018.13,2383360,13.41,19.84,1.81,42.88,126.7,18730.47,29.05,1989,145,0.6083848,0.4699248,6,59,0,14.68402,0.0
116,6059,3055.09,2412544,13.23,19.42,1.83,42.74,140.18,18603.83,40.6,1990,149,0.6176053,0.4808202,6,59,0,14.69619,0.0
138,6059,3092.05,2441728,13.05,19.01,1.86,42.63,160.75,17821.52,62.39,1991,155,0.6347963,0.5651735,6,59,0,14.70822,0.0
104,6059,3132.24,2473472,12.88,18.6,1.88,42.48,185.38,17772.94,100.53,1992,173,0.6994217,0.4204616,6,59,0,14.72113,0.0
176,6059,3205.357,2531208,13.10682,17.96846,1.855873,50.44129,194.452,17999.61,99.648,1993,196,0.7743338,0.6953202,6,59,0,14.74421,0.0
134,6059,3246.946,2564050,13.24728,17.35465,1.850588,50.44578,202.5,17910.45,60.075,1994,171,0.6669137,0.5226107,6,59,0,14.7571,0.0
120,6059,3291.493,2599228,13.40044,16.81696,1.835122,50.44044,202.704,18194.16,45.92,1995,166,0.6386512,0.4616756,6,59,0,14.77073,0.0
106,6059,3339.183,2636888,13.55412,16.42535,1.827343,50.4508,201.608,18461.17,37.004,1996,111,0.4209508,0.401989,6,59,0,14.78511,0.0
6,6061,84.28,118368,17.48,15.22,0.36,42.47,229.63,13430.61,196.83,1980,9,0.7603406,0.5068938,6,61,0,11.68155,0.0
17,6061,87.18,122432,16.83,15.13,0.4,42.46,217.4,13056.31,211.91,1981,6,0.490068,1.388526,6,61,0,11.71531,0.0
5,6061,89.87,126208,16.14,15.02,0.43,42.36,212.17,12773.97,264.96,1982,1,0.0792343,0.3961714,6,61,0,11.74569,0.0
9,6061,91.52,128528,15.5,14.82,0.45,42.22,206.62,13393.05,227.68,1983,7,0.5446284,0.7002366,6,61,0,11.7639,0.0
4,6061,94.4,132576,14.88,14.58,0.48,42.1,192.2,13975.82,147.03,1984,10,0.7542843,0.3017137,6,61,0,11.79491,0.0
6,6061,97.38,136768,14.43,14.25,0.5,42.03,188.38,14553.82,73.31,1985,8,0.5849321,0.4386991,6,61,0,11.82604,0.0
12,6061,100.69,141408,14.07,13.86,0.53,41.95,187.16,15209.66,66.65,1986,8,0.5657389,0.8486083,6,61,0,11.8594,0.0
13,6061,104.93,147360,13.86,13.37,0.55,41.89,178.64,15233.68,53.68,1987,12,0.8143322,0.8821933,6,61,0,11.90063,0.0
11,6061,109.37,153600,13.7,12.95,0.57,41.82,177.66,15612.93,48.22,1988,11,0.7161458,0.7161458,6,61,0,11.94211,0.0
4,6061,115.82,162656,13.54,12.64,0.59,41.78,179.15,15947.13,40.35,1989,2,0.1229589,0.2459178,6,61,0,11.99939,0.0
4,6061,122.06,171424,13.4,12.18,0.61,41.66,182.31,16360.99,52.09,1990,10,0.5833489,0.2333396,6,61,0,12.0519,0.0
3,6061,128.33,180224,13.26,11.77,0.62,41.52,193.04,16337.37,81.47,1991,6,0.332919,0.1664595,6,61,0,12.10196,0.0
4,6061,135.0,189600,13.13,11.37,0.63,41.4,208.2,16332.69,130.48,1992,2,0.1054852,0.2109705,6,61,0,12.15267,0.0
14,6061,136.935,192313,13.31683,10.73614,0.6401023,49.59831,208.984,16528.42,121.792,1993,9,0.4679871,0.72798,6,61,0,12.16688,0.0
12,6061,141.6096,198878,13.42079,10.19469,0.6526614,49.61333,199.125,16812.22,73.575,1994,8,0.4022567,0.603385,6,61,0,12.20045,0.0
6,6061,146.8381,206221,13.58737,9.77398,0.6551224,49.63171,195.488,17250.83,60.352,1995,7,0.3394417,0.29095,6,61,0,12.2367,0.0
2,6061,151.8267,213227,13.72387,9.461278,0.6584532,49.66022,197.78,17592.85,52.316,1996,5,0.2344919,0.0937968,6,61,0,12.27011,0.0
2,6063,6.83,17448,15.55,15.4,0.94,43.26,213.84,11266.69,200.47,1980,2,1.146263,1.146263,6,63,0,9.76698,0.0
1,6063,6.97,17808,15.2,14.89,0.92,43.28,206.42,10909.73,180.07,1981,4,2.246181,0.5615454,6,63,0,9.787403,0.0
3,6063,7.12,18172,14.82,14.33,0.91,43.24,212.17,10332.4,221.49,1982,4,2.201189,1.650892,6,63,0,9.807637,0.0
0,6063,7.06,18020,14.4,13.68,0.88,43.11,219.66,11217.55,178.53,1983,0,0.0,0,6,63,0,9.799237,0.0
1,6063,7.11,18152,14.0,13.0,0.87,43.01,220.07,11599.27,135.5,1984,1,0.5509035,0.5509035,6,63,0,9.806536,0.0
1,6063,7.29,18608,13.72,12.24,0.87,42.93,237.57,11756.83,141.06,1985,0,0.0,0.5374033,6,63,0,9.831347,0.0
0,6063,7.32,18696,13.49,11.39,0.86,42.86,251.99,12294.45,127.82,1986,1,0.5348738,0,6,63,0,9.836065,0.0
2,6063,7.44,19012,13.41,10.54,0.84,42.83,265.76,12257.52,106.48,1987,0,0.0,1.051967,6,63,0,9.852825,0.0
1,6063,7.56,19312,13.33,9.72,0.78,42.71,271.57,12118.1,99.83,1988,1,0.5178128,0.5178128,6,63,0,9.868482,0.0
0,6063,7.6,19412,13.28,9.0,0.8,42.66,294.55,12549.66,92.8,1989,0,0.0,0,6,63,0,9.873647,0.0
3,6063,7.73,19744,13.21,8.5,0.79,42.56,289.55,12517.2,112.6,1990,2,1.012966,1.519449,6,63,0,9.890605,0.0
10,6063,7.86,20080,13.14,8.02,0.78,42.41,300.21,12376.7,139.46,1991,6,2.988048,4.98008,6,63,0,9.907479,0.0
1,6063,8.0,20432,13.1,7.58,0.78,42.36,308.02,12401.2,207.48,1992,1,0.4894283,0.4894283,6,63,0,9.924857,0.0
1,6063,8.134425,20775,13.23706,7.23947,0.7701564,49.86282,280.952,12849.06,220.748,1993,2,0.9626955,0.4813478,6,63,0,9.941505,0.0
3,6063,8.059247,20583,13.28766,6.845455,0.7773405,49.97814,280.8,12902.63,155.25,1994,0,0.0,1.457513,6,63,0,9.93222,0.0
1,6063,8.056898,20577,13.46163,6.526705,0.7727074,50.05589,308.976,12905.49,122.672,1995,1,0.4859795,0.4859795,6,63,0,9.93193,0.0
2,6063,8.064729,20597,13.53595,6.316454,0.7962325,50.10924,308.154,13262.74,112.926,1996,2,0.9710152,0.9710152,6,63,0,9.9329,0.0
72,6065,92.89,669568,16.06,16.47,4.8,41.09,272.16,12866.84,80.19,1980,93,1.388955,1.07532,6,65,0,13.41439,0.0
89,6065,96.16,693120,15.61,16.73,4.92,41.17,267.91,12804.88,77.96,1981,92,1.327332,1.284049,6,65,0,13.44896,0.0
77,6065,99.85,719744,15.13,16.92,5.04,41.18,254.61,12494.52,154.21,1982,63,0.8753112,1.069825,6,65,0,13.48665,0.0
75,6065,103.6,746752,14.68,17.01,5.13,41.15,248.74,12688.95,113.34,1983,76,1.017741,1.004349,6,65,0,13.52349,0.0
89,6065,108.64,783104,14.24,17.03,5.21,41.15,229.68,13114.77,70.15,1984,98,1.25143,1.136503,6,65,0,13.57102,0.0
102,6065,114.54,825600,13.99,16.95,5.28,41.12,219.94,13406.81,65.89,1985,77,0.932655,1.235465,6,65,0,13.62387,0.0
106,6065,120.84,871040,13.81,16.75,5.35,41.09,221.86,13901.34,63.91,1986,83,0.9528839,1.216936,6,65,0,13.67744,0.0
108,6065,129.01,929920,13.78,16.49,5.42,41.11,218.24,13733.27,50.16,1987,98,1.053854,1.16139,6,65,0,13.74285,0.0
97,6065,138.15,995840,13.78,16.24,5.5,41.1,217.42,13612.13,49.07,1988,82,0.8234255,0.9740521,6,65,0,13.81134,0.0
132,6065,150.44,1084416,13.81,16.08,5.58,41.08,221.92,13835.2,47.61,1989,115,1.060479,1.217245,6,65,0,13.89655,0.0
130,6065,160.92,1159936,13.73,15.68,5.63,40.94,225.2,13700.67,68.17,1990,121,1.043161,1.120752,6,65,0,13.96388,0.0
166,6065,171.43,1235712,13.65,15.32,5.68,40.79,245.89,13012.35,100.56,1991,159,1.286708,1.343355,6,65,0,14.02716,0.0
126,6065,182.69,1316864,13.58,14.98,5.73,40.66,268.09,12803.34,152.58,1992,128,0.9720062,0.9568186,6,65,0,14.09076,0.0
152,6065,184.1056,1327061,13.74066,14.36739,5.714884,50.2001,271.264,12895.42,152.932,1993,159,1.198136,1.145388,6,65,0,14.09848,0.0
151,6065,189.0482,1362688,13.85827,13.82796,5.716642,50.24224,278.775,12708.22,94.5,1994,156,1.144796,1.108104,6,65,0,14.12497,0.0
148,6065,193.1426,1392201,13.98634,13.41401,5.755419,50.35494,284.704,12671.3,73.472,1995,133,0.9553218,1.063065,6,65,0,14.1464,0.0
131,6065,196.642,1417425,14.13069,13.08902,5.758047,50.41106,290.29,12728.1,63.162,1996,111,0.7831102,0.9242111,6,65,0,14.16435,0.0
70,6067,815.83,787840,16.39,19.81,7.7,41.59,348.7,12866.84,91.13,1980,72,0.9138911,0.8885053,6,67,0,13.57705,0.0
79,6067,834.78,806144,15.88,19.89,7.91,41.59,360.14,12399.71,82.35,1981,81,1.004783,0.9799738,6,67,0,13.60002,0.0
84,6067,861.56,832000,15.35,19.9,8.13,41.49,353.97,12107.43,102.46,1982,81,0.9735577,1.009615,6,67,0,13.63159,0.0
82,6067,882.77,852480,14.8,19.77,8.33,41.37,353.06,12307.81,102.31,1983,76,0.8915165,0.9618994,6,67,0,13.6559,0.0
80,6067,900.4,869504,14.28,19.62,8.51,41.25,360.38,12866.83,69.19,1984,79,0.908564,0.9200647,6,67,0,13.67568,0.0
70,6067,922.66,891008,13.92,19.33,8.68,41.2,360.99,13493.12,72.38,1985,66,0.7407341,0.7856271,6,67,0,13.70011,0.0
102,6067,948.51,915968,13.63,18.92,8.84,41.11,372.5,14099.45,70.3,1986,107,1.168163,1.113576,6,67,0,13.72774,0.0
119,6067,982.05,948352,13.46,18.43,9.02,41.03,377.52,14189.12,58.08,1987,109,1.149362,1.254808,6,67,0,13.76248,0.0
93,6067,1013.99,979200,13.32,17.99,9.2,40.95,393.39,14206.03,53.3,1988,101,1.031454,0.9497549,6,67,0,13.79449,0.0
86,6067,1044.48,1008640,13.19,17.68,9.38,40.87,410.76,14405.75,46.81,1989,70,0.6940038,0.8526332,6,67,0,13.82411,0.0
113,6067,1078.81,1041792,13.09,17.14,9.5,40.67,432.02,14606.85,56.68,1990,89,0.8542972,1.084669,6,67,0,13.85645,0.0
93,6067,1113.13,1074944,12.97,16.66,9.6,40.52,452.14,14287.3,83.68,1991,120,1.116337,0.8651614,6,67,0,13.88778,0.0
100,6067,1149.72,1110272,12.88,16.17,9.71,40.37,486.27,14505.98,128.34,1992,91,0.819619,0.9006802,6,67,0,13.92012,0.0
145,6067,1134.381,1095461,13.06108,15.38868,9.721295,48.92014,495.472,14533.38,128.712,1993,145,1.323644,1.323644,6,67,0,13.90669,0.0
134,6067,1136.255,1097271,13.18945,14.73419,9.757936,48.91973,515.025,14825.03,81,1994,126,1.148303,1.221212,6,67,0,13.90834,0.0
104,6067,1144.786,1105509,13.37782,14.19147,9.751979,48.89368,516.272,15203.46,68.224,1995,103,0.9316975,0.9407431,6,67,0,13.91582,0.0
76,6067,1156.97,1117275,13.55593,13.78595,9.753463,48.88206,512.952,15202.26,59.972,1996,94,0.8413327,0.6802264,6,67,0,13.9264,0.0
6,6069,18.14,25200,19.0,16.31,0.25,40.93,219.91,11741.76,167.67,1980,3,1.190476,2.380952,6,69,0,10.1346,0.0
3,6069,18.64,25900,18.5,16.55,0.32,41.16,207.52,11320.38,148.23,1981,1,0.3861004,1.158301,6,69,0,10.162,0.0
1,6069,19.37,26912,17.95,16.72,0.36,41.23,201.82,11218.36,162.49,1982,3,1.114744,0.3715814,6,69,0,10.20033,0.0
1,6069,19.98,27756,17.42,16.77,0.43,41.26,204.61,11611.73,162.49,1983,2,0.7205649,0.3602825,6,69,0,10.23121,0.0
2,6069,20.85,28960,16.89,16.76,0.46,41.27,193.16,12045.17,120.13,1984,4,1.381215,0.6906077,6,69,0,10.27367,0.0
5,6069,21.88,30392,16.56,16.64,0.49,41.33,193.02,12101.12,164.26,1985,1,0.329034,1.64517,6,69,0,10.32193,0.0
1,6069,22.78,31648,16.3,16.4,0.52,41.36,204.51,12687.05,169.82,1986,1,0.3159757,0.3159757,6,69,0,10.36243,0.0
4,6069,23.72,32944,16.23,16.08,0.55,41.42,203.28,12782,128.48,1987,1,0.3035454,1.214182,6,69,0,10.40256,0.0
4,6069,24.74,34368,16.19,15.8,0.57,41.45,214.88,12806.74,122.67,1988,5,1.454842,1.163873,6,69,0,10.44488,0.0
2,6069,26.01,36128,16.16,15.59,0.59,41.48,213.05,12698.14,112.17,1989,0,0.0,0.5535873,6,69,0,10.49482,0.0
1,6069,26.45,36744,16.02,15.22,0.6,41.37,202.99,12869.56,140.18,1990,0,0.0,0.2721533,6,69,0,10.51173,0.0
1,6069,26.89,37352,15.88,14.87,0.62,41.26,226.81,12239.45,202.58,1991,0,0.0,0.2677233,6,69,0,10.52814,0.0
2,6069,27.34,37984,15.77,14.52,0.63,41.13,247.41,12118.86,277.36,1992,0,0.0,0.5265375,6,69,0,10.54492,0.0
0,6069,28.56097,39675,15.93447,14.06175,0.5923125,50.81285,240.816,12314.14,253.272,1993,0,0.0,0,6,69,0,10.58848,0.0
2,6069,29.5472,41045,15.99464,13.5656,0.6066512,50.91972,247.725,11979.22,150.525,1994,2,0.4872701,0.4872701,6,69,0,10.62242,0.0
3,6069,30.6702,42605,16.0568,13.15104,0.5985213,50.97758,234.848,12005.46,125.296,1995,2,0.4694285,0.7041427,6,69,0,10.65973,0.0
2,6069,32.03652,44503,16.12026,12.79464,0.6336651,51.07521,239.25,12014.18,110.374,1996,0,0.0,0.4494079,6,69,0,10.70331,0.0
174,6071,45.01,903040,17.32,19.03,5.55,41.04,280.66,11775.77,69.25,1980,146,1.616761,1.926825,6,71,0,13.71352,0.0
236,6071,46.5,932864,16.91,19.16,5.97,41.1,285.48,11737.62,64.78,1981,166,1.779466,2.529844,6,71,0,13.74601,0.0
107,6071,48.18,966656,16.43,19.24,6.34,41.0,270.13,11417.08,75.55,1982,97,1.003459,1.106909,6,71,0,13.7816,0.0
142,6071,49.67,996480,15.98,19.22,6.67,40.86,268.8,11628.78,96.29,1983,122,1.22431,1.425016,6,71,0,13.81198,0.0
164,6071,51.23,1027712,15.54,19.13,6.97,40.79,263.31,12010.57,60.54,1984,106,1.031417,1.595778,6,71,0,13.84285,0.0
123,6071,53.44,1072128,15.26,18.95,7.24,40.75,261.7,12474.17,56.61,1985,109,1.01667,1.147251,6,71,0,13.88516,0.0
179,6071,56.02,1123840,15.09,18.63,7.49,40.67,275.73,12846.82,55.69,1986,134,1.19234,1.592753,6,71,0,13.93226,0.0
183,6071,59.41,1191936,15.05,18.24,7.73,40.62,277.2,12776.72,44,1987,143,1.199729,1.535317,6,71,0,13.99109,0.0
125,6071,63.35,1271040,15.05,17.88,7.97,40.55,300.33,12541.95,40.61,1988,141,1.109328,0.9834467,6,71,0,14.05535,0.0
131,6071,67.43,1352704,15.06,17.63,8.21,40.49,309.08,12523.83,37.12,1989,175,1.293705,0.9684306,6,71,0,14.11762,0.0
259,6071,70.73,1419008,14.97,17.14,8.32,40.31,321.72,12334.13,55.15,1990,198,1.395341,1.825219,6,71,0,14.16547,0.0
165,6071,74.04,1485312,14.87,16.7,8.43,40.13,351.59,11795.38,84.41,1991,158,1.06375,1.110878,6,71,0,14.21114,0.0
172,6071,77.53,1555456,14.81,16.26,8.54,39.93,381.45,11647.56,124.06,1992,236,1.51724,1.105785,6,71,0,14.25728,0.0
205,6071,77.22186,1549242,14.98023,15.48628,8.348792,50.1005,390.98,11687.19,127.328,1993,256,1.652421,1.323228,6,71,0,14.25328,0.0
196,6071,77.63901,1557611,15.09587,14.80678,8.311575,50.06718,404.325,11636.33,78.3,1994,243,1.560081,1.258337,6,71,0,14.25866,0.0
189,6071,78.60081,1576907,15.25524,14.30503,8.286919,50.10175,404.096,11605.95,62.32,1995,225,1.426844,1.198549,6,71,0,14.27098,0.0
205,6071,79.67004,1598358,15.41864,13.95413,8.245712,50.14746,403.216,11692.63,57.42,1996,185,1.157438,1.282566,6,71,0,14.28449,0.0
121,6073,445.94,1874944,16.51,22.19,5.72,43.96,212.63,12896.01,61.96,1980,180,0.9600286,0.6453526,6,73,0,14.44409,0.0
134,6073,458.24,1926656,15.96,22.36,5.83,44.0,211.91,12956.4,59.29,1981,157,0.8148834,0.6955056,6,73,0,14.4713,0.0
130,6073,469.08,1972224,15.37,22.45,5.94,43.93,203.89,12881.61,93.15,1982,124,0.6287318,0.6591543,6,73,0,14.49467,0.0
140,6073,479.92,2017792,14.81,22.4,6.04,43.8,206.62,13232.58,98.29,1983,130,0.6442686,0.6938277,6,73,0,14.51751,0.0
209,6073,491.42,2066176,14.29,22.32,6.12,43.73,194.12,13798.99,55.74,1984,163,0.788897,1.011531,6,73,0,14.54121,0.0
181,6073,505.61,2125824,13.93,22.08,6.2,43.7,193.02,14348.73,48.26,1985,163,0.7667615,0.8514345,6,73,0,14.56967,0.0
231,6073,522.41,2196480,13.66,21.71,6.28,43.59,201.77,14912.94,50.21,1986,197,0.8968896,1.051683,6,73,0,14.60237,0.0
203,6073,541.05,2274816,13.51,21.26,6.36,43.54,212.08,14952.08,41.36,1987,176,0.773689,0.8923799,6,73,0,14.63741,0.0
208,6073,562.24,2363904,13.36,20.84,6.45,43.44,230.11,15087.56,37.22,1988,228,0.9645061,0.8799004,6,73,0,14.67583,0.0
249,6073,581.23,2443776,13.22,20.58,6.55,43.38,238.06,15316.05,33.09,1989,191,0.7815773,1.018915,6,73,0,14.70905,0.0
307,6073,593.65,2496000,13.08,20.06,6.6,43.15,252.01,15112.41,46.73,1990,216,0.8653846,1.229968,6,73,0,14.7302,0.0
362,6073,606.07,2548224,12.95,19.55,6.65,42.96,273.05,14682.2,69.73,1991,278,1.090956,1.420597,6,73,0,14.75091,0.0
157,6073,619.23,2603520,12.83,19.05,6.7,42.75,295.18,14708.48,103.38,1992,245,0.9410337,0.6030297,6,73,1,14.77238,0.003841
124,6073,619.9726,2606660,12.899,17.99909,6.524211,50.49013,291.332,14979.03,109.336,1993,245,0.9399001,0.4757046,6,73,0,14.77358,0.0
151,6073,621.8774,2614669,13.01763,17.0176,6.440242,50.19909,299.7,14924.92,70.875,1994,205,0.7840381,0.577511,6,73,0,14.77665,0.0
144,6073,624.7422,2626714,13.17837,16.3684,6.388705,50.07957,301.76,15219.86,55.76,1995,198,0.7537935,0.5482135,6,73,0,14.78124,0.0
116,6073,631.58,2655463,13.35089,15.94261,6.353054,50.03997,296.032,15491.92,45.936,1996,166,0.6251264,0.4368353,6,73,0,14.79213,0.0
77,6075,14542.98,679168,10.97,21.56,12.9,45.23,391.23,18286.95,85.05,1980,111,1.634353,1.13374,6,75,0,13.42862,0.0
197,6075,14707.43,686848,10.73,21.7,12.66,45.32,360.14,18485.92,85.64,1981,126,1.834467,2.868175,6,75,0,13.43987,0.0
174,6075,14891.07,695424,10.46,21.8,12.45,45.33,369.49,18379.52,110.74,1982,113,1.624908,2.502071,6,75,0,13.45228,0.0
127,6075,15091.15,704768,10.16,21.78,12.26,45.31,364.09,19126.2,132.4,1983,83,1.177693,1.802011,6,75,0,13.46562,0.0
126,6075,15269.3,713088,9.860001,21.64,12.06,45.31,367.1,19672.63,95.14,1984,73,1.023717,1.766963,6,75,0,13.47736,0.0
119,6075,15587.24,727936,9.65,21.38,11.85,45.32,361.92,19769.17,77.02,1985,85,1.167685,1.634759,6,75,0,13.49797,0.0
83,6075,15787.33,737280,9.5,21.04,11.65,45.35,376.16,20419.23,73.95,1986,115,1.559787,1.125759,6,75,0,13.51072,0.0
65,6075,15768.14,736384,9.41,20.57,11.49,45.33,400.4,20595.52,56.32,1987,104,1.412307,0.8826917,6,75,0,13.50951,0.0
61,6075,15639.32,730368,9.3,20.19,11.34,45.32,403.54,21463.02,50.76,1988,92,1.259639,0.8351954,6,75,0,13.5013,0.0
57,6075,15540.65,725760,9.2,19.92,11.19,45.33,430.94,21522.69,45.19,1989,73,1.005842,0.7853836,6,75,0,13.49498,0.0
79,6075,15617.39,729344,9.12,19.41,11.09,45.22,453.47,22111.34,55.15,1990,101,1.384806,1.083165,6,75,0,13.4999,0.0
87,6075,15694.14,732928,9.03,18.89,10.99,45.04,468.29,21795.39,77.07,1991,96,1.309815,1.18702,6,75,0,13.5048,0.0
78,6075,15790.07,737408,8.95,18.38,10.89,44.9,506.23,22808.86,120.5,1992,117,1.586639,1.057759,6,75,0,13.5109,0.0
115,6075,15622.45,729580,9.038762,17.79051,10.90614,49.77932,512.772,23355,124.56,1993,129,1.768141,1.576249,6,75,0,13.50022,0.0
58,6075,15614.16,729193,9.127351,17.12921,10.845,49.64145,530.55,22769.78,81,1994,92,1.261669,0.7953998,6,75,0,13.49969,0.0
37,6075,15644.89,730628,9.250946,16.62761,10.76745,49.54491,546.448,24148.02,66.912,1995,99,1.354999,0.5064137,6,75,0,13.50166,0.0
44,6075,15745.25,735315,9.358574,16.14492,10.68182,49.45432,541.662,25040.86,52.316,1996,82,1.115168,0.598383,6,75,0,13.50805,0.0
72,6077,250.24,350144,17.35,17.41,5.71,41.54,402.16,12544.88,138.51,1980,63,1.79926,2.056297,6,77,0,12.7661,0.0
77,6077,258.29,361408,16.94,17.56,5.7,41.62,388.69,12058.23,140.54,1981,70,1.936869,2.130556,6,77,0,12.79776,0.0
68,6077,266.88,373440,16.48,17.65,5.7,41.63,403.65,11645.81,185.26,1982,71,1.901242,1.820908,6,77,0,12.83051,0.0
48,6077,275.62,385664,16.01,17.64,5.7,41.56,419.25,11393.07,184.55,1983,38,0.9853137,1.244607,6,77,0,12.86272,0.0
45,6077,284.91,398656,15.57,17.57,5.7,41.54,415.15,11912.55,124.93,1984,50,1.254214,1.128793,6,77,0,12.89585,0.0
57,6077,297.3,416000,15.26,17.39,5.69,41.54,416.67,12049.15,117.86,1985,52,1.25,1.370192,6,77,0,12.93844,0.0
62,6077,307.82,430720,15.07,17.09,5.69,41.49,428.2,12365.67,113.21,1986,62,1.43945,1.43945,6,77,0,12.97321,0.0
69,6077,318.52,445696,15.0,16.73,5.7,41.5,442.64,12450.23,87.12,1987,51,1.144278,1.54814,6,77,0,13.00739,0.0
80,6077,326.66,457088,14.93,16.41,5.72,41.46,461.07,12474.27,80.37,1988,66,1.443923,1.75021,6,77,0,13.03263,0.0
64,6077,333.62,466816,14.87,16.17,5.73,41.43,472.09,12548.04,73.44,1989,60,1.285303,1.37099,6,77,0,13.05369,0.0
165,6077,342.76,479616,14.76,15.75,5.75,41.27,488.71,12396.17,92.69,1990,78,1.626301,3.440252,6,77,0,13.08074,0.0
70,6077,351.96,492480,14.66,15.33,5.76,41.11,505.73,12103.66,123.31,1991,65,1.319851,1.421378,6,77,0,13.10721,0.0
77,6077,361.65,506048,14.56,14.94,5.78,40.94,531.9,12241.49,186.81,1992,70,1.383268,1.521595,6,77,0,13.13439,0.0
66,6077,365.4317,511333,14.8017,14.38339,5.798179,50.73523,519,12411.71,186.148,1993,65,1.271187,1.290744,6,77,0,13.14478,0.0
63,6077,370.8489,518913,14.90924,13.8133,5.7738,50.7324,516.375,12334.95,117.45,1994,64,1.233347,1.214076,6,77,0,13.15949,0.0
68,6077,375.7722,525802,15.08343,13.34419,5.768331,50.78014,507.088,12362.32,97.088,1995,62,1.179151,1.293262,6,77,0,13.17268,0.0
100,6077,381.1965,533392,15.26626,12.97488,5.764241,50.81929,506.572,12460.78,86.768,1996,66,1.237364,1.874794,6,77,0,13.18701,0.0
15,6079,47.45,156800,15.15,23.52,1.82,45.12,179.82,11244.82,61.96,1980,16,1.020408,0.9566327,6,79,0,11.96273,0.0
8,6079,48.98,161856,14.74,23.25,1.94,45.2,164.7,11005.25,53.8,1981,5,0.3089166,0.4942665,6,79,0,11.99446,0.0
13,6079,50.39,166528,14.29,22.89,2.05,45.19,149.04,10773.31,72.45,1982,9,0.5404497,0.7806495,6,79,0,12.02292,0.0
8,6079,51.86,171360,13.89,22.46,2.15,45.13,146.44,12205.5,60.18,1983,10,0.5835668,0.4668534,6,79,0,12.05152,0.0
14,6079,53.73,177536,13.51,22.01,2.25,45.11,136.46,12369.02,52.85,1984,9,0.5069394,0.7885724,6,79,0,12.08693,0.0
25,6079,56.06,185248,13.28,21.43,2.33,45.08,128.06,12306.2,64.03,1985,9,0.4858352,1.349542,6,79,0,12.12945,0.0
18,6079,58.25,192480,13.15,20.73,2.42,45.03,136.04,12757.34,63,1986,14,0.7273483,0.9351621,6,79,0,12.16775,0.0
14,6079,60.32,199328,13.12,20.02,2.5,45.01,139.04,12774.08,51.04,1987,6,0.3010114,0.7023599,6,79,0,12.20271,0.0
8,6079,61.8,204224,13.11,19.37,2.58,44.98,153.13,12985.25,45.68,1988,2,0.0979317,0.3917267,6,79,0,12.22697,0.0
7,6079,64.54,213280,13.06,18.88,2.64,44.92,162.21,13246.09,38.74,1989,6,0.2813203,0.3282071,6,79,0,12.27036,0.0
10,6079,65.36,215968,12.95,18.31,2.69,44.82,165.46,13048.8,52.85,1990,8,0.3704253,0.4630316,6,79,0,12.28289,0.0
15,6079,66.17,218656,12.81,17.79,2.74,44.72,173.96,12843.53,80.01,1991,4,0.1829358,0.6860091,6,79,0,12.29525,0.0
7,6079,67.04,221536,12.71,17.24,2.78,44.59,194.65,12992.99,131.19,1992,11,0.4965333,0.3159757,6,79,0,12.30834,0.0
7,6079,67.24835,222222,12.79441,16.54292,2.712153,51.59165,201.372,13227.58,141.86,1993,0,0.0,0.3150003,6,79,0,12.31143,0.0
15,6079,67.87265,224285,12.93533,15.80801,2.721537,51.59195,207.9,13260.38,87.075,1994,9,0.4012752,0.6687919,6,79,0,12.32067,0.0
9,6079,68.60801,226715,13.12088,15.24381,2.73427,51.59959,209.92,13457.84,69.536,1995,8,0.3528659,0.3969742,6,79,0,12.33145,0.0
11,6079,69.43174,229437,13.34833,14.8616,2.816459,51.6778,216.282,13706.15,58.696,1996,5,0.2179247,0.4794345,6,79,0,12.34338,0.0
34,6081,1309.05,587904,15.13,17.95,6.11,42.75,133.65,17838.63,46.17,1980,33,0.5613161,0.5783257,6,81,0,13.28432,0.0
32,6081,1317.31,591616,14.61,18.15,6.03,42.79,124.07,18299.27,48.31,1981,32,0.5408914,0.5408913,6,81,0,13.29061,0.0
33,6081,1326.43,595712,14.06,18.27,5.96,42.78,120.06,18394.02,82.8,1982,36,0.6043189,0.553959,6,81,0,13.29751,0.0
38,6081,1350.09,606336,13.51,18.26,5.89,42.7,115.34,18876.45,95.28,1983,34,0.5607452,0.6267152,6,81,0,13.31519,0.0
24,6081,1366.33,613632,12.96,18.19,5.82,42.69,109.55,19958.05,60.54,1984,29,0.472596,0.3911139,6,81,0,13.32715,0.0
23,6081,1380.58,620032,12.54,18.01,5.75,42.65,108.58,20319.48,48.26,1985,28,0.4515896,0.3709486,6,81,0,13.33753,0.0
22,6081,1383.72,621440,12.21,17.71,5.68,42.62,115.95,21127.72,50.21,1986,40,0.6436663,0.3540165,6,81,0,13.3398,0.0
17,6081,1398.54,628096,11.95,17.33,5.63,42.61,122.32,21156.95,37.84,1987,29,0.4617129,0.2706593,6,81,0,13.35045,0.0
24,6081,1417.35,636544,11.69,17.0,5.59,42.56,126.9,21578.06,31.3,1988,30,0.471295,0.377036,6,81,0,13.36381,0.0
19,6081,1438.44,646016,11.43,16.75,5.55,42.53,133.15,22020.59,28.24,1989,35,0.5417823,0.2941104,6,81,0,13.37858,0.0
20,6081,1449.56,651008,11.27,16.34,5.54,42.4,137.88,22065.39,36.77,1990,43,0.6605142,0.3072159,6,81,0,13.38628,0.0
30,6081,1460.67,656000,11.11,15.94,5.52,42.23,143.13,21482.7,55.05,1991,45,0.6859756,0.4573171,6,81,0,13.39392,0.0
17,6081,1473.5,661760,10.95,15.54,5.51,42.09,162.56,21706.56,86.27,1992,55,0.831117,0.2568907,6,81,0,13.40266,0.0
18,6081,1490.258,669287,11.1565,15.08576,5.507652,49.26422,162.62,22689.3,85.116,1993,33,0.493062,0.2689429,6,81,0,13.41397,0.0
17,6081,1502.805,674922,11.25182,14.57265,5.492042,49.2448,167.4,22952.03,56.7,1994,26,0.3852297,0.2518809,6,81,0,13.42235,0.0
21,6081,1513.98,679941,11.37628,14.1499,5.472681,49.22913,167.28,23801.65,44.608,1995,35,0.5147505,0.3088503,6,81,0,13.42976,0.0
20,6081,1529.495,686909,11.48405,13.79237,5.444098,49.20724,164.604,24486.44,35.728,1996,12,0.1746956,0.2911594,6,81,0,13.43996,0.0
5,6083,109.63,300224,16.74,21.61,2.69,43.01,181.03,14553.27,61.96,1980,14,0.4663185,0.1665423,6,83,0,12.61228,0.0
25,6083,111.57,305536,16.21,21.79,2.72,43.13,172.39,14594.61,64.78,1981,20,0.6545873,0.8182342,6,83,0,12.62982,0.0
13,6083,114.31,313024,15.63,21.87,2.75,43.13,152.14,14470.33,93.15,1982,15,0.4791965,0.4153036,6,83,0,12.65404,0.0
25,6083,117.67,322240,15.1,21.82,2.77,43.11,148.44,14780.2,96.29,1983,17,0.5275571,0.7758193,6,83,0,12.68305,0.0
34,6083,120.17,329088,14.59,21.69,2.8,43.07,135.5,15525.91,64.39,1984,17,0.5165792,1.033158,6,83,0,12.70408,0.0
14,6083,123.61,338496,14.24,21.43,2.82,43.07,129.92,15927.26,63.1,1985,18,0.531764,0.4135942,6,83,0,12.73227,0.0
20,6083,126.2,345600,13.99,21.02,2.84,43.02,132.38,16409.34,62.08,1986,11,0.318287,0.5787037,6,83,0,12.75304,0.0
12,6083,128.54,352000,13.83,20.56,2.87,42.99,138.16,16228.08,51.04,1987,13,0.3693182,0.3409091,6,83,0,12.77139,0.0
15,6083,129.92,355776,13.7,20.14,2.9,42.97,152.28,16454.69,45.68,1988,24,0.6745818,0.4216136,6,83,0,12.78206,0.0
8,6083,133.52,365632,13.55,19.85,2.94,42.97,162.21,17290.78,40.35,1989,5,0.1367495,0.2187992,6,83,0,12.80938,0.0
15,6083,135.08,369920,13.36,19.38,2.96,42.8,173.12,17081.03,54.39,1990,11,0.2973616,0.4054931,6,83,0,12.82104,0.0
20,6083,136.63,374144,13.19,18.9,2.99,42.65,183.5,16735.92,78.54,1991,18,0.4810982,0.5345535,6,83,0,12.8324,0.0
27,6083,138.28,378688,13.02,18.44,3.01,42.54,206.06,16837.48,126.2,1992,16,0.4225114,0.712988,6,83,0,12.84447,0.0
20,6083,138.6198,379606,13.19763,17.75736,3.049214,50.45705,213.136,16874.42,128.712,1993,12,0.3161172,0.5268621,6,83,0,12.84689,0.0
16,6083,140.1575,383817,13.33839,17.08549,3.063439,50.50532,222.75,16597.57,84.375,1994,11,0.2865949,0.4168653,6,83,0,12.85792,0.0
23,6083,140.2087,383957,13.47026,16.47711,3.020911,50.46945,227.632,16901.18,67.568,1995,11,0.2864904,0.5990254,6,83,0,12.85829,0.0
15,6083,140.7988,385573,13.62206,16.07867,3.026405,50.51002,225.852,17227.91,57.42,1996,12,0.3112251,0.3890314,6,83,0,12.86249,0.0
80,6085,1007.37,1300736,17.63,20.11,3.5,42.5,188.32,15897.05,83.83,1980,98,0.7534196,0.6150364,6,85,0,14.07844,0.0
78,6085,1025.81,1324544,16.98,20.41,3.54,42.71,185.56,16078.01,80.15,1981,97,0.7323275,0.5888819,6,85,0,14.09658,0.0
51,6085,1041.47,1344768,16.28,20.61,3.58,42.83,179.05,16317.8,97.29,1982,61,0.4536099,0.3792476,6,85,0,14.11173,0.0
58,6085,1064.07,1373952,15.59,20.66,3.61,42.86,177.53,17045.98,108.32,1983,72,0.5240358,0.4221399,6,85,0,14.1332,0.0
67,6085,1081.12,1395968,14.91,20.66,3.65,42.94,165.29,17970.69,59.58,1984,75,0.5372616,0.4799537,6,85,0,14.1491,0.0
82,6085,1099.17,1419264,14.4,20.5,3.68,43.07,162.4,18219.42,67.74,1985,86,0.6059479,0.5777643,6,85,0,14.16565,0.0
48,6085,1107.29,1429760,13.97,20.23,3.71,43.1,173.47,18445.33,70.3,1986,59,0.4126567,0.3357207,6,85,0,14.17302,0.0
50,6085,1120.97,1447424,13.64,19.87,3.74,43.19,184.8,18510.8,49.28,1987,49,0.3385324,0.3454413,6,85,0,14.1853,0.0
60,6085,1140.01,1472000,13.33,19.53,3.79,43.26,187.81,19007.08,41.45,1988,69,0.46875,0.4076087,6,85,0,14.20213,0.0
62,6085,1160.03,1497856,13.0,19.32,3.83,43.32,194.49,18945.94,37.93,1989,56,0.3738677,0.413925,6,85,0,14.21955,0.0
53,6085,1162.81,1501440,12.79,18.86,3.85,43.18,209.88,18803,48.26,1990,57,0.3796355,0.3529945,6,85,0,14.22194,0.0
76,6085,1165.78,1505280,12.57,18.42,3.86,43.05,229.01,18556.25,71.93,1991,77,0.5115327,0.5048895,6,85,0,14.22449,0.0
61,6085,1169.75,1510400,12.38,17.98,3.88,42.91,253.11,19039.23,110.51,1992,68,0.4502119,0.4038665,6,85,0,14.22789,0.0
63,6085,1195.645,1543841,12.61186,17.42025,3.85221,50.66539,254.656,19764.9,110.028,1993,61,0.3951184,0.4080731,6,85,0,14.24978,0.0
48,6085,1204.465,1555229,12.72989,16.82273,3.835384,50.63621,256.5,20085.97,72.225,1994,56,0.3600756,0.3086362,6,85,0,14.25713,0.0
61,6085,1218.697,1573606,12.86167,16.33293,3.811882,50.61655,253.216,21455.79,49.2,1995,56,0.3558705,0.3876447,6,85,0,14.26888,0.0
38,6085,1238.832,1599604,12.98621,15.92775,3.784812,50.58021,244.992,22582.01,37.004,1996,48,0.3000743,0.2375588,6,85,0,14.28527,0.0
10,6087,424.85,189344,14.91,21.04,0.81,42.41,221.13,13464.63,117.85,1980,10,0.5281392,0.5281392,6,87,0,12.15132,0.0
9,6087,434.33,193568,14.63,20.94,0.86,42.52,198.74,13483.44,109.8,1981,16,0.8265829,0.4649529,6,87,0,12.17338,0.0
7,6087,442.8,197344,14.27,20.77,0.91,42.49,185.26,13294.57,136.62,1982,6,0.3040376,0.3547106,6,87,0,12.1927,0.0
5,6087,453.07,201920,13.93,20.49,0.96,42.44,181.54,14166.37,138.41,1983,13,0.6438193,0.2476228,6,87,0,12.21563,0.0
17,6087,462.11,205952,13.62,20.15,1.0,42.47,174.9,14790.75,104.75,1984,14,0.6797701,0.825435,6,87,0,12.2354,0.0
19,6087,475.97,212128,13.43,19.68,1.04,42.46,174.46,14783.96,108.58,1985,16,0.7542616,0.8956856,6,87,0,12.26495,0.0
17,6087,486.1,216640,13.34,19.08,1.08,42.43,178.95,15331.09,112.3,1986,18,0.8308715,0.784712,6,87,0,12.28599,0.0
14,6087,496.29,221184,13.34,18.43,1.12,42.44,181.28,15388.55,85.36,1987,14,0.6329572,0.6329572,6,87,0,12.30675,0.0
14,6087,506.34,225664,13.37,17.85,1.17,42.41,179.35,15765.2,81.22,1988,11,0.4874504,0.6203914,6,87,0,12.3268,0.0
10,6087,519.27,231424,13.36,17.37,1.21,42.44,184,14544.55,78.28,1989,12,0.5185288,0.4321073,6,87,0,12.35201,0.0
8,6087,516.83,230336,13.25,16.85,1.23,42.33,185.37,16321.92,95.75,1990,11,0.4775632,0.3473187,6,87,0,12.34729,0.0
7,6087,514.39,229248,13.12,16.31,1.25,42.18,201.12,16130.38,137.26,1991,14,0.6106923,0.3053462,6,87,0,12.34256,0.0
17,6087,512.37,228352,13.01,15.79,1.27,42.05,222.46,16401.84,198.93,1992,6,0.2627522,0.7444647,6,87,0,12.33864,0.0
10,6087,524.2131,233628,13.19405,15.27343,1.27382,49.86474,224.9,16725.64,211.752,1993,9,0.3852278,0.4280309,6,87,0,12.36149,0.0
9,6087,528.207,235408,13.30626,14.62949,1.2918,49.8972,235.575,16771.05,140.4,1994,6,0.2548766,0.382315,6,87,0,12.36908,0.0
11,6087,530.3521,236364,13.44706,14.15021,1.299267,49.94712,240.096,17244.93,114.8,1995,8,0.338461,0.4653839,6,87,0,12.37313,0.0
11,6087,533.6213,237821,13.60225,13.78852,1.310229,49.9754,234.146,17797.65,102.08,1996,10,0.4204843,0.4625327,6,87,0,12.37927,0.0
6,6089,30.81,116624,17.27,15.87,0.63,41.55,328.05,11111.17,161.59,1980,5,0.4287282,0.5144739,6,89,0,11.66671,0.0
4,6089,31.77,120272,16.81,15.75,0.64,41.52,332.69,10459.55,155.92,1981,10,0.8314487,0.3325795,6,89,0,11.69751,0.0
4,6089,32.1,121504,16.29,15.58,0.66,41.45,339.48,10325.16,178.02,1982,5,0.4115091,0.3292073,6,89,0,11.7077,0.0
9,6089,32.44,122800,15.77,15.32,0.67,41.32,344.03,10723.07,152.46,1983,8,0.6514658,0.732899,6,89,0,11.71831,0.0
12,6089,33.1,125312,15.26,14.99,0.68,41.19,338.27,11120.69,123.01,1984,7,0.5586057,0.9576098,6,89,0,11.73856,0.0
11,6089,33.93,128448,14.91,14.59,0.69,41.11,346.14,11192.6,121.57,1985,13,1.012083,0.8563777,6,89,0,11.76328,0.0
15,6089,34.37,130112,14.64,14.09,0.69,40.99,371.59,11697.35,112.3,1986,12,0.9222823,1.152853,6,89,0,11.77615,0.0
15,6089,35.12,132960,14.51,13.54,0.71,40.91,396.88,11836.88,84.48,1987,13,0.9777377,1.128159,6,89,0,11.7978,0.0
13,6089,36.09,136608,14.42,13.05,0.72,40.86,406.93,12011.51,79.52,1988,11,0.8052237,0.951628,6,89,0,11.82487,0.0
9,6089,37.24,140992,14.31,12.63,0.74,40.78,424.48,12391.48,77.47,1989,3,0.212778,0.6383341,6,89,0,11.85646,0.0
15,6089,38.95,147456,14.18,12.15,0.74,40.64,436.62,12604.52,91.15,1990,6,0.406901,1.017253,6,89,0,11.90129,0.0
14,6089,40.66,153920,14.07,11.72,0.75,40.51,433.79,12168.25,121.84,1991,10,0.6496881,0.9095634,6,89,0,11.94419,0.0
16,6089,42.47,160768,13.97,11.31,0.76,40.39,443.49,12279.99,186.81,1992,9,0.5598129,0.9952229,6,89,0,11.98772,0.0
17,6089,41.94757,158799,14.13611,10.62916,0.7651182,49.05257,435.268,12752.18,179.92,1993,12,0.7556723,1.070536,6,89,0,11.97539,0.0
18,6089,42.27909,160054,14.25456,10.07473,0.7816112,49.07719,439.425,12899.92,120.825,1994,12,0.749747,1.12462,6,89,0,11.98327,0.0
12,6089,42.49622,160876,14.44156,9.651533,0.7863199,49.12231,452.64,12791.34,97.744,1995,8,0.4972774,0.7459161,6,89,0,11.98839,0.0
12,6089,42.72445,161740,14.62903,9.327315,0.7913936,49.11463,460.636,12851.87,84.216,1996,9,0.5564486,0.7419315,6,89,0,11.99375,0.0
0,6091,3.23,3075,14.5,15.67,0.13,45.48,236.92,11188.93,170.1,1980,0,0.0,0,6,91,0,8.03106,0.0
0,6091,3.23,3082,14.17,15.17,0.13,45.2,184.46,10345.35,176.78,1981,0,0.0,0,6,91,0,8.033334,0.0
0,6091,3.44,3277,13.82,14.64,0.12,44.75,204.93,9835.6,254.61,1982,1,3.051572,0,6,91,0,8.094684,0.0
1,6091,3.45,3291,13.39,13.85,0.15,44.4,170.51,10305.82,172.52,1983,0,0.0,3.03859,6,91,0,8.098947,0.0
1,6091,3.43,3271,12.96,13.11,0.15,44.01,162.41,10923.68,137.42,1984,2,6.114338,3.057169,6,91,0,8.092851,0.0
5,6091,3.43,3271,12.78,12.28,0.18,43.67,233.86,11738.27,128.99,1985,4,12.22868,15.28584,6,91,0,8.092851,0.0
0,6091,3.4,3239,12.57,11.45,0.19,43.35,284.86,12584.79,119.6,1986,0,0.0,0,6,91,0,8.08302,0.0
3,6091,3.41,3249,12.47,10.55,0.18,43.11,330.88,12585.76,95.92,1987,2,6.15574,9.23361,6,91,0,8.086102,0.0
0,6091,3.49,3329,12.41,9.71,0.21,42.69,354.47,12163.78,83.75,1988,1,3.003905,0,6,91,0,8.110427,0.0
1,6091,3.47,3310,12.32,8.76,0.21,42.29,346.2,12228.47,92,1989,1,3.021148,3.021148,6,91,0,8.104704,0.0
0,6091,3.47,3313,12.24,8.26,0.21,42.12,357.72,12095.13,121.03,1990,0,0.0,0,6,91,0,8.105609,0.0
1,6091,3.48,3315,12.15,7.75,0.21,41.94,397.09,12133.75,137.99,1991,0,0.0,3.016591,6,91,0,8.106213,0.0
0,6091,3.48,3320,12.07,7.28,0.21,41.79,428.51,12374.11,181.81,1992,0,0.0,0,6,91,0,8.10772,0.0
2,6091,3.508376,3345,12.01794,6.756353,0.1793722,50.22422,366.068,12312.76,188.224,1993,1,2.989537,5.979074,6,91,0,8.115222,0.0
0,6091,3.491594,3329,12.0757,6.458396,0.1802343,50.13518,320.625,12243.83,120.15,1994,0,0.0,0,6,91,0,8.110427,0.0
0,6091,3.537743,3373,12.1257,6.107323,0.1778832,50.34094,273.552,12322.96,93.808,1995,0,0.0,0,6,91,0,8.123558,0.0
0,6091,3.575501,3409,12.20299,5.925491,0.1760047,50.30801,322.828,12341.47,107.822,1996,0,0.0,0,6,91,0,8.134174,0.0
5,6093,6.36,39960,15.82,15.3,1.52,42.59,238.14,11733.25,195.61,1980,1,0.2502503,1.251251,6,93,0,10.59563,0.0
0,6093,6.48,40752,15.59,14.99,1.52,42.62,240.46,10637.42,178.97,1981,1,0.2453867,0,6,93,0,10.61526,0.0
3,6093,6.56,41272,15.3,14.61,1.52,42.53,264.96,10220.63,247.36,1982,7,1.696065,0.726885,6,93,0,10.62794,0.0
3,6093,6.55,41208,14.99,14.09,1.53,42.38,284.85,10411.13,211.63,1983,6,1.456028,0.728014,6,93,0,10.62639,0.0
2,6093,6.56,41264,14.66,13.56,1.56,42.27,302.71,10670.94,134.54,1984,2,0.484684,0.484684,6,93,0,10.62775,0.0
9,6093,6.61,41584,14.48,12.91,1.55,42.18,320.16,10707.26,130.85,1985,3,0.7214313,2.164294,6,93,0,10.63547,0.0
10,6093,6.55,41176,14.34,12.2,1.57,42.07,359.72,11335.8,119.6,1986,7,1.700019,2.428599,6,93,0,10.62561,0.0
7,6093,6.58,41400,14.37,11.43,1.56,41.99,380.16,11311.52,88,1987,7,1.690821,1.690821,6,93,0,10.63104,0.0
1,6093,6.68,42024,14.38,10.73,1.59,41.89,377.32,11295.79,85.45,1988,2,0.4759185,0.2379593,6,93,0,10.646,0.0
3,6093,6.82,42848,14.42,10.09,1.59,41.81,399.46,11534.45,83.12,1989,1,0.2333831,0.7001494,6,93,0,10.66541,0.0
5,6093,6.9,43408,14.35,9.61,1.61,41.69,419.77,11470.84,111.84,1990,3,0.6911169,1.151861,6,93,0,10.6784,0.0
4,6093,6.99,43968,14.29,9.150001,1.62,41.6,444.07,11274.23,130.65,1991,3,0.6823144,0.9097525,6,93,0,10.69122,0.0
4,6093,7.09,44568,14.24,8.72,1.63,41.47,473.43,11320.3,192.51,1992,5,1.121881,0.8975049,6,93,0,10.70477,0.0
5,6093,6.980311,43887,14.38695,8.350992,1.642856,49.39504,472.636,11667.81,190.3,1993,1,0.2278579,1.139289,6,93,0,10.68937,0.0
1,6093,7.010531,44077,14.47921,7.922499,1.649386,49.44529,478.575,11709.9,123.525,1994,0,0.0,0.2268757,6,93,0,10.69369,0.0
7,6093,7.053157,44345,14.63976,7.576953,1.670989,49.47796,492.656,11717.47,106.928,1995,5,1.127523,1.578532,6,93,0,10.69976,0.0
2,6093,7.028981,44193,14.7761,7.34958,1.694839,49.52594,518.694,11963.14,100.166,1996,2,0.4525604,0.4525603,6,93,0,10.69632,0.0
15,6095,286.47,237248,17.2,20.1,12.0,42.06,235.71,12309.16,69.25,1980,15,0.6322498,0.6322498,6,95,0,12.37686,0.0
19,6095,297.02,245984,16.72,20.05,12.21,42.21,228.38,12076.9,69.17,1981,10,0.4065305,0.7724079,6,95,0,12.41302,0.0
21,6095,307.11,254336,16.19,19.95,12.42,42.25,222.52,12001.86,94.18,1982,18,0.7077252,0.8256794,6,95,0,12.44641,0.0
19,6095,314.41,260384,15.68,19.74,12.6,42.18,217.65,12372,96.29,1983,12,0.4608578,0.7296915,6,95,0,12.46991,0.0
14,6095,319.24,264384,15.18,19.49,12.77,42.23,206.61,12917.76,69.19,1984,15,0.5673566,0.5295328,6,95,0,12.48516,0.0
18,6095,327.97,271616,14.83,19.12,12.92,42.24,209.73,13512.6,78.88,1985,12,0.4418002,0.6627002,6,95,0,12.51215,0.0
21,6095,342.42,283584,14.58,18.65,13.06,42.25,220.03,13811.86,78.52,1986,18,0.6347325,0.7405214,6,95,0,12.55526,0.0
23,6095,358.34,296768,14.45,18.12,13.22,42.25,227.92,13700.72,65.12,1987,29,0.9771943,0.7750162,6,95,0,12.60071,0.0
32,6095,374.34,310016,14.36,17.63,13.39,42.24,236.03,13658.66,57.53,1988,25,0.80641,1.032205,6,95,0,12.64438,0.0
35,6095,393.66,326016,14.26,17.24,13.56,42.22,246.94,13792.43,50.84,1989,23,0.7054868,1.073567,6,95,0,12.6947,0.0
18,6095,410.74,340160,14.15,16.7,13.65,42.05,258.91,13736.67,64.34,1990,17,0.4997648,0.5291628,6,95,0,12.73717,0.0
25,6095,427.82,354304,14.05,16.21,13.74,41.89,271.58,13319.16,86.61,1991,30,0.8467305,0.7056088,6,95,0,12.77791,0.0
28,6095,445.98,369344,13.96,15.71,13.83,41.73,292.33,13455.02,131.19,1992,24,0.6498007,0.7581009,6,95,0,12.81948,0.0
32,6095,439.1633,363700,14.13143,14.832,13.88699,50.95188,290.64,13711.98,141.168,1993,27,0.7423701,0.879846,6,95,0,12.80408,0.0
32,6095,440.2126,364569,14.25601,14.03054,13.89833,50.79422,289.575,13369.05,94.5,1994,44,1.206905,0.8777488,6,95,0,12.80647,0.0
24,6095,438.3917,363061,14.4433,13.4622,13.86379,50.69396,296.512,13401.42,85.936,1995,27,0.7436767,0.6610459,6,95,0,12.80233,0.0
27,6095,441.3802,365536,14.59364,13.10924,13.86594,50.70034,301.774,13604.07,81.664,1996,22,0.6018559,0.7386413,6,95,0,12.80912,0.0
17,6097,191.37,301632,15.71,17.06,1.18,41.44,225.99,13803.61,88.69,1980,16,0.5304477,0.5636007,6,97,0,12.61696,0.0
9,6097,195.75,308544,15.23,17.03,1.21,41.54,213.01,13884.2,85.64,1981,18,0.5833852,0.2916926,6,97,0,12.63962,0.0
9,6097,199.61,314624,14.7,16.95,1.25,41.51,199.75,13633.02,113.85,1982,11,0.3496237,0.2860557,6,97,0,12.65913,0.0
17,6097,203.99,321536,14.2,16.77,1.28,41.46,192.58,14144.3,107.32,1983,14,0.43541,0.5287122,6,97,0,12.68086,0.0
18,6097,207.36,326848,13.68,16.53,1.3,41.46,180.67,14932.98,68.23,1984,18,0.5507147,0.5507147,6,97,0,12.69725,0.0
21,6097,212.72,335296,13.32,16.18,1.33,41.43,171.68,15409.44,65.89,1985,14,0.4175415,0.6263123,6,97,0,12.72277,0.0
24,6097,219.02,345216,13.06,15.75,1.35,41.4,174.38,15937.32,67.56,1986,25,0.7241843,0.6952169,6,97,0,12.75193,0.0
31,6097,225.92,356096,12.91,15.25,1.38,41.41,176.88,15905.12,51.04,1987,19,0.533564,0.8705518,6,97,0,12.78296,0.0
20,6097,233.39,367872,12.78,14.81,1.41,41.4,183.58,16019.85,47.38,1988,16,0.4349339,0.5436674,6,97,0,12.81549,0.0
12,6097,241.47,380608,12.69,14.43,1.44,41.38,187.22,16443.42,41.96,1989,19,0.4992013,0.315285,6,97,0,12.84953,0.0
16,6097,246.26,388160,12.56,13.98,1.46,41.29,186.9,16561.67,53.62,1990,16,0.4122012,0.4122012,6,97,0,12.86917,0.0
19,6097,251.09,395776,12.43,13.53,1.48,41.17,194.51,16175.89,78.54,1991,19,0.4800695,0.4800695,6,97,0,12.8886,0.0
6,6097,256.17,403776,12.29,13.1,1.5,41.07,211.76,16253.55,122.64,1992,6,0.1485972,0.1485972,6,97,0,12.90862,0.0
20,6097,258.6526,407690,12.48203,12.56764,1.507273,49.13881,208.984,16603.85,116.948,1993,24,0.5886826,0.4905688,6,97,0,12.91826,0.0
7,6097,261.2608,411801,12.58253,11.93392,1.50461,49.1366,214.65,16748.78,74.25,1994,18,0.4371043,0.169985,6,97,0,12.9283,0.0
9,6097,264.1741,416393,12.76534,11.50187,1.511793,49.17302,215.168,16964.16,60.352,1995,15,0.3602366,0.216142,6,97,0,12.93938,0.0
16,6097,267.0158,420872,12.91818,11.17489,1.515188,49.19144,212.454,17451.21,49.126,1996,17,0.4039233,0.3801631,6,97,0,12.95008,0.0
30,6099,179.25,267904,17.44,17.83,1.24,40.61,335.34,11585.02,179.82,1980,28,1.045151,1.119804,6,99,0,12.49838,0.0
26,6099,184.05,275072,17.03,17.91,1.31,40.62,328.3,11224.85,166.9,1981,20,0.7270824,0.9452071,6,99,0,12.52479,0.0
32,6099,187.82,280704,16.57,17.93,1.38,40.51,322.92,11033.09,212.17,1982,17,0.6056201,1.139991,6,99,0,12.54506,0.0
14,6099,193.0,288448,16.1,17.84,1.45,40.37,323.97,10938.71,214.64,1983,15,0.5200244,0.4853561,6,99,0,12.57227,0.0
14,6099,196.6,293824,15.66,17.69,1.51,40.27,329.62,11408.98,158.56,1984,13,0.4424417,0.4764757,6,99,0,12.59074,0.0
21,6099,201.56,301248,15.37,17.45,1.56,40.16,337.79,11789.3,154.05,1985,16,0.5311239,0.6971,6,99,0,12.61569,0.0
22,6099,208.16,311104,15.14,17.08,1.61,40.05,357.9,12107.29,151.56,1986,22,0.707159,0.707159,6,99,0,12.64788,0.0
22,6099,216.34,323328,15.11,16.65,1.66,39.98,368.72,12188.88,117.92,1987,21,0.6494952,0.6804236,6,99,0,12.68642,0.0
26,6099,224.82,336000,15.07,16.26,1.72,39.88,379.85,12125.71,109.13,1988,16,0.4761905,0.7738095,6,99,0,12.72487,0.0
31,6099,236.16,352960,15.06,15.97,1.77,39.83,374.45,12318.05,97.65,1989,20,0.5666364,0.8782865,6,99,0,12.77411,0.0
28,6099,247.43,369792,14.96,15.49,1.8,39.66,396.79,12356.34,121.03,1990,23,0.6219712,0.7571824,6,99,0,12.8207,0.0
15,6099,258.73,386688,14.87,15.05,1.83,39.47,404.43,11935.57,162.21,1991,24,0.6206554,0.3879097,6,99,0,12.86537,0.0
38,6099,270.68,404544,14.8,14.63,1.86,39.34,419.24,11939.18,233.86,1992,39,0.9640484,0.9393292,6,99,0,12.91052,0.0
20,6099,269.1954,402329,14.98798,14.0149,1.854452,49.34519,416.584,12089.93,235.972,1993,23,0.5716714,0.4971056,6,99,0,12.90503,0.0
33,6099,272.3749,407081,15.1137,13.43836,1.855896,49.38845,433.35,11881.35,154.575,1994,27,0.6632587,0.8106495,6,99,0,12.91677,0.0
35,6099,275.0125,411023,15.2826,12.97202,1.854884,49.44322,439.52,11832.27,129.232,1995,32,0.7785453,0.8515338,6,99,0,12.9264,0.0
24,6099,278.1993,415786,15.43174,12.61731,1.847104,49.47665,431.288,12092.01,118.03,1996,28,0.6734233,0.57722,6,99,0,12.93793,0.0
7,6101,87.22,52568,18.11,16.94,1.15,41.87,267.3,12854.7,145.8,1980,6,1.141379,1.331609,6,101,0,10.86986,0.0
6,6101,89.29,53816,17.62,17.01,1.23,41.87,261.32,12401.91,142.74,1981,7,1.300728,1.11491,6,101,0,10.89333,0.0
12,6101,91.64,55232,17.03,17.01,1.29,41.72,250.47,11170.75,187.33,1982,7,1.267381,2.172653,6,101,0,10.9193,0.0
7,6101,94.18,56760,16.44,16.9,1.36,41.55,260.78,10684.95,203.61,1983,3,0.5285412,1.233263,6,101,0,10.94659,0.0
4,6101,93.99,56648,15.9,16.74,1.43,41.44,275.81,11955.8,151.84,1984,1,0.1765287,0.7061149,6,101,0,10.94461,0.0
3,6101,95.57,57600,15.49,16.48,1.51,41.29,285.82,12511.29,159.62,1985,5,0.8680556,0.5208334,6,101,0,10.96128,0.0
2,6101,97.02,58472,15.16,16.11,1.57,41.17,305.85,12530.92,150.64,1986,3,0.5130661,0.3420441,6,101,0,10.9763,0.0
9,6101,99.19,59784,15.0,15.68,1.63,41.09,314.16,12633.27,109.12,1987,7,1.170882,1.505419,6,101,0,10.99849,0.0
9,6101,101.33,61072,14.8,15.27,1.69,40.94,313.02,12535.18,106.6,1988,5,0.8187058,1.47367,6,101,0,11.01981,0.0
4,6101,104.04,62704,14.63,14.99,1.75,40.86,319.57,13036.27,112.17,1989,6,0.9568768,0.6379178,6,101,0,11.04618,0.0
12,6101,107.78,64960,14.49,14.53,1.77,40.69,326.32,12912.46,149.37,1990,6,0.9236453,1.847291,6,101,0,11.08153,0.0
12,6101,111.53,67216,14.35,14.13,1.8,40.53,335.44,12960.97,200.38,1991,8,1.190193,1.785289,6,101,0,11.11567,0.0
4,6101,115.48,69600,14.24,13.73,1.83,40.39,347.94,13248.25,280.92,1992,4,0.5747126,0.5747126,6,101,0,11.15052,0.0
7,6101,117.8795,71045,14.42044,13.16067,1.828419,49.60518,332.16,13152.15,265.036,1993,2,0.2815117,0.9852911,6,101,0,11.17107,0.0
4,6101,121.3439,73133,14.52286,12.62358,1.860993,49.61645,334.125,12978.22,159.975,1994,3,0.4102115,0.5469487,6,101,0,11.20004,0.0
1,6101,124.085,74785,14.69279,12.20164,1.881393,49.6744,335.872,12852.35,141.04,1995,2,0.2674333,0.1337167,6,101,0,11.22237,0.0
3,6101,125.5202,75650,14.82089,11.86913,1.888962,49.68143,329.846,12729.38,126.962,1996,5,0.6609386,0.3965631,6,101,0,11.23387,0.0
2,6103,13.28,39176,16.95,14.18,0.17,42.1,270.94,10272.82,134.86,1980,5,1.276292,0.5105166,6,103,0,10.57582,0.0
5,6103,13.62,40192,16.53,14.19,0.23,42.15,267.91,9740.35,137.25,1981,3,0.7464172,1.244029,6,103,0,10.60142,0.0
5,6103,14.0,41328,16.02,14.14,0.28,42.03,270.13,9694.84,163.53,1982,3,0.7259001,1.209834,6,103,0,10.6293,0.0
2,6103,14.32,42264,15.54,14.0,0.33,41.91,278.83,9598.7,148.44,1983,3,0.709824,0.473216,6,103,0,10.65169,0.0
4,6103,14.64,43200,15.05,13.8,0.37,41.81,288.3,9699.37,111.48,1984,4,0.9259259,0.9259259,6,103,0,10.6736,0.0
5,6103,15.02,44320,14.72,13.52,0.42,41.75,308.1,9835.87,101.15,1985,5,1.128159,1.128159,6,103,0,10.69919,0.0
1,6103,15.19,44840,14.44,13.18,0.46,41.65,342.38,10180.86,94.04,1986,0,0.0,0.2230152,6,103,0,10.71086,0.0
5,6103,15.58,45984,14.33,12.76,0.49,41.59,367.84,10000.31,69.52,1987,3,0.6524009,1.087335,6,103,0,10.73605,0.0
4,6103,15.98,47168,14.24,12.38,0.52,41.51,362.09,10071.63,65.99,1988,4,0.8480326,0.8480326,6,103,0,10.76147,0.0
2,6103,16.46,48560,14.18,12.07,0.55,41.43,378.48,10035.04,68.59,1989,2,0.4118616,0.4118616,6,103,0,10.79056,0.0
6,6103,16.89,49848,14.1,11.67,0.56,41.29,393.72,9921.99,90.39,1990,2,0.4012197,1.203659,6,103,0,10.81673,0.0
1,6103,17.33,51144,14.01,11.29,0.57,41.19,422.05,9710.09,115.97,1991,3,0.5865791,0.1955264,6,103,0,10.8424,0.0
1,6103,17.79,52496,13.94,10.93,0.57,41.08,440.63,9991.98,168.27,1992,2,0.3809814,0.1904907,6,103,0,10.86849,0.0
1,6103,17.71508,52278,14.10536,10.35043,0.5604652,49.35537,426.272,9969.644,173,1993,1,0.1912851,0.1912851,6,103,0,10.86433,0.0
8,6103,18.00447,53132,14.20613,9.877287,0.5872167,49.40714,429.3,9861.75,107.325,1994,2,0.376421,1.505684,6,103,0,10.88054,0.0
6,6103,18.28911,53972,14.37412,9.478989,0.5910472,49.4738,417.872,9924.624,89.216,1995,5,0.9264063,1.111688,6,103,0,10.89622,0.0
6,6103,18.3352,54108,14.51172,9.185333,0.5969542,49.51208,437.668,10246.92,82.302,1996,3,0.5544466,1.108893,6,103,0,10.89874,0.0
0,6105,3.76,11956,15.84,14.13,0.12,43.68,232.06,9656.81,178.6,1980,0,0.0,0,6,105,0,9.388988,0.0
2,6105,3.88,12322,15.54,13.92,0.15,43.76,242.66,9119.98,175.68,1981,1,0.8115566,1.623113,6,105,0,9.419142,0.0
2,6105,3.87,12314,15.21,13.57,0.18,43.74,282.55,8801.63,195.61,1982,3,2.436251,1.624168,6,105,0,9.418492,0.0
0,6105,3.92,12464,14.81,13.18,0.21,43.69,297.89,9379.05,163.49,1983,0,0.0,0,6,105,0,9.4306,0.0
2,6105,4.01,12752,14.44,12.69,0.23,43.69,276.77,9536.96,151.84,1984,3,2.352572,1.568381,6,105,0,9.453444,0.0
3,6105,4.05,12880,14.18,12.15,0.3,43.64,270.98,9822.88,152.19,1985,2,1.552795,2.329192,6,105,0,9.463431,0.0
1,6105,4.03,12808,14.0,11.54,0.31,43.61,288.51,10588.05,132.38,1986,0,0.0,0.7807621,6,105,0,9.457826,0.0
1,6105,4.0,12716,13.92,10.92,0.35,43.63,308,10529.2,102.96,1987,1,0.7864108,0.7864108,6,105,0,9.450616,0.0
2,6105,4.11,13050,13.89,10.28,0.36,43.58,320.63,10685.82,98.98,1988,1,0.7662835,1.532567,6,105,0,9.476543,0.0
0,6105,4.13,13144,13.87,9.73,0.39,43.61,342.97,10812.99,105.72,1989,0,0.0,0,6,105,0,9.483721,0.0
2,6105,4.13,13130,13.81,9.3,0.4,43.53,371.51,10608.33,127.92,1990,0,0.0,1.523229,6,105,0,9.482655,0.0
7,6105,4.13,13118,13.72,8.87,0.41,43.43,425.72,10625.38,154.14,1991,1,0.7623113,5.336179,6,105,0,9.481741,0.0
9,6105,4.13,13114,13.65,8.46,0.42,43.35,463.45,10924.59,222.46,1992,0,0.0,6.862895,6,105,0,9.481436,0.0
3,6105,4.162179,13231,13.80848,8.049278,0.4005744,51.09969,438.036,10579.99,217.288,1993,2,1.511602,2.267402,6,105,0,9.490318,0.0
1,6105,4.25089,13513,13.88293,7.659291,0.3996152,51.18774,405.675,10250.55,137.7,1994,2,1.480056,0.7400281,6,105,0,9.511408,0.0
3,6105,4.236104,13466,14.04277,7.344423,0.4010099,51.21788,394.256,10402.85,119.392,1995,1,0.742611,2.227833,6,105,0,9.507923,0.0
1,6105,4.221004,13418,14.18244,7.109852,0.4098971,51.2595,429.374,10526.36,114.84,1996,1,0.7452676,0.7452675,6,105,0,9.504353,0.0
69,6107,51.3,247488,18.64,16.89,1.66,40.41,434.97,11148.84,71.68,1980,32,1.292992,2.788014,6,107,0,12.41912,0.0
63,6107,52.58,253664,18.35,17.03,1.66,40.48,423.83,10256.41,76.86,1981,33,1.300933,2.4836,6,107,0,12.44377,0.0
43,6107,53.84,259744,17.95,17.08,1.66,40.41,400.54,10127.47,104.53,1982,34,1.308981,1.655476,6,107,0,12.46745,0.0
39,6107,55.35,267008,17.57,17.04,1.66,40.32,397.19,9597.7,103.31,1983,28,1.048658,1.46063,6,107,0,12.49503,0.0
44,6107,56.63,273216,17.16,16.94,1.66,40.25,393.05,9999.2,97.06,1984,37,1.35424,1.610447,6,107,0,12.51802,0.0
35,6107,58.03,279936,16.95,16.73,1.66,40.21,411.1,9988.98,145.7,1985,25,0.8930613,1.250286,6,107,0,12.54232,0.0
47,6107,59.22,285696,16.78,16.4,1.66,40.12,442.8,10326.94,145.17,1986,26,0.9100583,1.645105,6,107,0,12.56268,0.0
40,6107,60.47,291712,16.8,15.99,1.66,40.09,447.92,10659.44,110.88,1987,34,1.165533,1.371215,6,107,0,12.58352,0.0
52,6107,61.78,298048,16.83,15.61,1.66,40.0,463.61,10723.89,102.37,1988,28,0.939446,1.744685,6,107,0,12.60501,0.0
66,6107,63.09,304384,16.86,15.35,1.67,39.98,485.81,10744.39,98.45,1989,25,0.821331,2.168314,6,107,0,12.62605,0.0
29,6107,65.06,313856,16.74,14.95,1.68,39.79,510.16,11025.03,129.45,1990,27,0.8602671,0.9239906,6,107,0,12.65669,0.0
33,6107,67.02,323328,16.65,14.55,1.69,39.61,527.75,10353.06,212.13,1991,34,1.051564,1.020635,6,107,0,12.68642,0.0
46,6107,69.09,333312,16.55,14.19,1.7,39.46,555.43,10882.52,256.68,1992,33,0.9900634,1.380088,6,107,0,12.71683,0.0
42,6107,70.30813,339189,16.7243,13.6959,1.677826,50.12663,543.912,10752.99,265.728,1993,28,0.8254985,1.238248,6,107,0,12.73431,0.0
53,6107,71.63329,345582,16.80759,13.207,1.674856,50.19995,546.075,10605.6,170.1,1994,42,1.215341,1.533645,6,107,0,12.75299,0.0
52,6107,72.092,347795,16.9022,12.78972,1.672825,50.29457,528.08,10518.96,148.912,1995,39,1.12135,1.495134,6,107,0,12.75937,0.0
27,6107,72.5329,349922,16.98264,12.45563,1.668086,50.37466,523.798,10785.39,140.998,1996,22,0.6287115,0.7716005,6,107,0,12.76547,0.0
2,6109,15.3,34208,14.81,16.81,1.2,44.44,204.12,10922.84,134.86,1980,2,0.5846586,0.5846586,6,109,0,10.44022,0.0
0,6109,15.77,35248,14.34,16.65,1.53,44.87,202.03,10569.34,140.54,1981,0,0.0,0,6,109,0,10.47016,0.0
6,6109,16.22,36256,13.83,16.47,1.81,45.14,214.24,10196.81,171.81,1982,2,0.5516328,1.654899,6,109,0,10.49836,0.0
2,6109,16.66,37248,13.34,16.17,2.08,45.34,227.68,10393.09,158.47,1983,2,0.5369416,0.5369416,6,109,0,10.52535,0.0
1,6109,17.02,38056,12.88,15.86,2.33,45.62,222.95,10885.24,101.87,1984,1,0.2627707,0.2627707,6,109,0,10.54681,0.0
2,6109,17.78,39744,12.54,15.44,2.55,45.81,219.94,11129.5,87.23,1985,1,0.2516103,0.5032206,6,109,0,10.59021,0.0
0,6109,18.6,41584,12.29,14.98,2.76,45.97,217.29,11748.48,75.78,1986,0,0.0,0,6,109,0,10.63547,0.0
6,6109,19.38,43336,12.17,14.44,2.93,46.19,213.84,11499.84,61.6,1987,3,0.6922651,1.38453,6,109,0,10.67674,0.0
1,6109,20.14,45024,12.1,13.96,3.09,46.33,211.5,11532.67,57.53,1988,1,0.2221038,0.2221038,6,109,0,10.71495,0.0
4,6109,20.97,46872,12.04,13.57,3.24,46.44,217.89,11736.2,50.84,1989,0,0.0,0.853388,6,109,0,10.75518,0.0
4,6109,21.67,48448,11.96,13.15,3.27,46.43,227.5,11704.48,60.51,1990,2,0.4128138,0.8256275,6,109,0,10.78825,0.0
5,6109,22.38,50024,11.89,12.73,3.31,46.39,240.02,11773.36,82.21,1991,6,1.199424,0.9995202,6,109,0,10.82026,0.0
3,6109,23.12,51680,11.84,12.34,3.35,46.36,262.38,12062.53,136.9,1992,1,0.1934984,0.5804954,6,109,0,10.85283,0.0
4,6109,23.06043,51555,11.99302,11.73892,3.276113,53.03656,260.192,11572.32,140.476,1993,4,0.7758704,0.7758704,6,109,0,10.8504,0.0
7,6109,23.2729,52030,12.09879,11.27811,3.282722,53.10398,264.6,11599.88,93.15,1994,3,0.5765904,1.345378,6,109,0,10.85958,0.0
4,6109,23.13557,51723,12.2866,10.71477,3.141736,52.90103,277.488,11542.32,76.752,1995,0,0.0,0.7733504,6,109,0,10.85366,0.0
2,6109,23.34715,52196,12.29788,10.79968,3.513679,53.32401,281.358,11367.25,68.266,1996,1,0.1915856,0.3831711,6,109,0,10.86276,0.0
28,6111,288.6,532736,18.61,17.5,2.22,41.53,170.1,13526.59,66.82,1980,38,0.7132989,0.5255886,6,111,0,13.18578,0.0
25,6111,295.95,546304,18.03,17.73,2.24,41.74,162.5,13589.95,71.37,1981,32,0.5857545,0.4576207,6,111,0,13.21093,0.0
33,6111,304.48,562048,17.39,17.89,2.27,41.84,144.9,13538.83,112.81,1982,32,0.5693464,0.5871385,6,111,0,13.23934,0.0
24,6111,311.76,575488,16.75,17.92,2.28,41.87,140.42,13829.36,115.34,1983,24,0.4170374,0.4170374,6,111,0,13.26297,0.0
34,6111,318.9,588672,16.12,17.9,2.3,41.93,132.62,14471.7,80.72,1984,29,0.4926343,0.5775712,6,111,0,13.28562,0.0
24,6111,326.53,602752,15.68,17.76,2.32,42.01,130.85,14919.45,83.52,1985,20,0.3318114,0.3981737,6,111,0,13.30926,0.0
33,6111,333.32,615296,15.34,17.48,2.34,42.07,136.95,15783.94,87.65,1986,41,0.666346,0.5363272,6,111,0,13.32986,0.0
24,6111,342.34,631936,15.12,17.14,2.36,42.15,137.28,16137.44,64.24,1987,18,0.284839,0.3797853,6,111,0,13.35654,0.0
25,6111,352.53,650752,14.93,16.81,2.38,42.18,134.51,16371.79,60.07,1988,30,0.4610051,0.3841709,6,111,0,13.38588,0.0
37,6111,360.02,664576,14.74,16.58,2.4,42.26,138,16330.45,55.68,1989,20,0.3009438,0.5567459,6,111,0,13.4069,0.0
50,6111,363.35,670720,14.57,16.16,2.42,42.13,143.24,16183.28,75.83,1990,15,0.2236403,0.7454675,6,111,0,13.41611,0.0
43,6111,366.68,676864,14.38,15.75,2.44,41.98,157.08,15647.41,104.23,1991,38,0.5614126,0.6352827,6,111,0,13.42523,0.0
46,6111,370.21,683392,14.23,15.32,2.46,41.88,177.54,15492.77,154.72,1992,29,0.4243538,0.6731129,6,111,0,13.43482,0.0
41,6111,374.5052,691317,14.41235,14.67952,2.428408,50.46252,179.92,16110.45,155.008,1993,42,0.6075361,0.5930709,6,111,0,13.44635,0.0
33,6111,379.7865,701066,14.53244,14.15173,2.439856,50.50537,184.275,16006.95,97.2,1994,28,0.3993918,0.4707117,6,111,0,13.46036,0.0
28,6111,382.9269,706863,14.66607,13.67408,2.432013,50.51403,186.304,16358.67,80.032,1995,26,0.3678223,0.3961164,6,111,0,13.46859,0.0
31,6111,387.1903,714733,14.80945,13.35702,2.447487,50.56308,186.296,16485.28,74.646,1996,33,0.4617109,0.4337284,6,111,0,13.47966,0.0
8,6113,112.39,113792,17.96,24.83,1.8,43.21,255.15,13340.7,99.63,1980,10,0.8787964,0.7030371,6,113,0,11.64213,0.0
9,6113,113.82,115232,17.48,24.99,1.87,43.2,255.83,12667.63,93.33,1981,4,0.3471258,0.781033,6,113,0,11.6547,0.0
5,6113,116.3,117744,16.97,25.02,1.94,43.05,238.05,11933.55,109.71,1982,2,0.16986,0.4246501,6,113,0,11.67627,0.0
8,6113,117.93,119392,16.46,24.9,1.99,42.89,233.7,11719.05,120.36,1983,10,0.837577,0.6700616,6,113,0,11.69017,0.0
4,6113,119.36,120848,16.0,24.75,2.06,42.77,239.29,12614.09,85.53,1984,9,0.7447372,0.3309943,6,113,0,11.70229,0.0
8,6113,122.24,123760,15.72,24.43,2.12,42.65,237.57,12746.08,102.08,1985,8,0.6464124,0.6464124,6,113,0,11.7261,0.0
6,6113,123.61,125152,15.54,23.95,2.17,42.5,245.6,13447.57,100.43,1986,10,0.7990284,0.479417,6,113,0,11.73728,0.0
14,6113,126.93,128512,15.46,23.42,2.22,42.39,258.72,13694.55,79.2,1987,9,0.7003237,1.089392,6,113,0,11.76378,0.0
13,6113,131.64,133280,15.4,22.93,2.28,42.29,279.18,13244.97,68.53,1988,10,0.7503001,0.9753901,6,113,0,11.80021,0.0
20,6113,136.54,138240,15.28,22.62,2.34,42.15,293.75,13815.03,62.14,1989,13,0.9403935,1.446759,6,113,0,11.83675,0.0
13,6113,139.2,140928,15.1,22.13,2.36,41.96,301.8,13855.41,75.07,1990,11,0.7805404,0.9224569,6,113,0,11.856,0.0
12,6113,141.88,143648,14.91,21.65,2.39,41.79,325.16,13656.06,101.29,1991,10,0.6961461,0.8353754,6,113,0,11.87512,0.0
13,6113,144.73,146528,14.73,21.17,2.41,41.62,345.09,13871.41,152.58,1992,5,0.3412317,0.8872025,6,113,0,11.89497,0.0
8,6113,143.6831,145470,14.65663,20.39115,2.389496,49.7429,330.084,14107.11,149.472,1993,10,0.687427,0.5499416,6,113,0,11.88772,0.0
13,6113,144.6323,146431,14.76805,19.59694,2.38679,49.7982,330.075,14281.65,95.175,1994,11,0.7512071,0.8877901,6,113,0,11.89431,0.0
8,6113,146.5287,148351,14.9153,19.00358,2.39567,49.85069,331.28,14500.22,82.656,1995,9,0.6066693,0.5392616,6,113,0,11.90734,0.0
7,6113,148.0833,149925,15.02418,18.52193,2.399199,49.87761,334.312,14512.59,74.646,1996,7,0.4669001,0.4669001,6,113,0,11.91789,0.0
6,6115,78.99,49800,17.84,19.97,4.57,41.87,466.56,9696.91,142.15,1980,5,1.004016,1.204819,6,115,0,10.81577,0.0
5,6115,79.32,50008,17.38,19.99,4.55,41.78,449.08,9380.21,140.54,1981,7,1.399776,0.99984,6,115,0,10.81994,0.0
6,6115,81.16,51168,16.87,19.91,4.49,41.55,450.22,8880.3,168.7,1982,4,0.7817386,1.172608,6,115,0,10.84287,0.0
9,6115,82.04,51720,16.36,19.7,4.47,41.28,463.39,8753.18,169.51,1983,7,1.353442,1.740139,6,115,0,10.8536,0.0
10,6115,83.12,52400,15.84,19.47,4.43,41.07,478.58,9100.66,119.16,1984,3,0.5725191,1.908397,6,115,0,10.86666,0.0
9,6115,84.57,53320,15.5,19.08,4.38,40.86,492.77,9352.38,120.64,1985,5,0.9377344,1.687922,6,115,0,10.88407,0.0
9,6115,85.3,53776,15.2,18.58,4.35,40.64,529.54,9515.28,113.21,1986,5,0.9297828,1.673609,6,115,0,10.89258,0.0
7,6115,86.87,54768,15.09,18.02,4.31,40.46,557.04,9606.08,82.72,1987,4,0.7303535,1.278119,6,115,0,10.91086,0.0
3,6115,88.56,55832,14.96,17.5,4.3,40.22,590.51,9683.31,76.14,1988,3,0.5373263,0.5373263,6,115,0,10.9301,0.0
9,6115,90.41,57000,14.83,17.08,4.29,40.02,614.13,9913.19,69.4,1989,15,2.631579,1.578947,6,115,0,10.95081,0.0
4,6115,92.38,58240,14.7,16.53,4.29,39.74,635.78,9580.36,85.03,1990,9,1.54533,0.6868132,6,115,0,10.97233,0.0
11,6115,94.36,59488,14.58,16.01,4.28,39.47,664.27,9827.52,124.05,1991,5,0.8405057,1.849112,6,115,0,10.99353,0.0
9,6115,96.44,60800,14.48,15.49,4.28,39.21,686.62,9907.84,189.66,1992,8,1.315789,1.480263,6,115,0,11.01534,0.0
0,6115,97.10655,61221,14.65837,14.59303,4.297545,49.82114,651.172,9527.456,193.068,1993,3,0.4900279,0,6,115,0,11.02225,0.0
13,6115,97.80129,61659,14.77481,13.70927,4.219984,49.70888,660.825,9251.55,118.8,1994,4,0.6487293,2.10837,6,115,0,11.02937,0.0
5,6115,96.85594,61063,14.9878,13.40746,4.292288,49.81085,678.304,9366.368,94.464,1995,4,0.6550612,0.8188264,6,115,0,11.01966,0.0
4,6115,96.60532,60905,15.16788,13.05968,4.264018,49.82514,669.262,9576.38,86.768,1996,2,0.3283803,0.6567605,6,115,0,11.01707,0.0
